,Adjusted net savings,,,,,,,,,Adolescent fertility rate (women aged 15-19 years),,,,,,,,,Adult literacy rate (both sexes),,,,,,,,,Carbon dioxide emissions per capita,,,,,,,,,Combined gross enrolment ratio in education (both sexes),,,,,,,,,Expenditure on education (% of GDP),,,,,,,,,"Expenditure on health, public (% of GDP)",,,,,,,,,Gender Inequality Index (updated),,,,,,,,,"Gender Inequality Index, value",,,,,,,,
,1980,1990,2000,2005,2006,2007,2008,2009,2010,1980,1990,2000,2005,2006,2007,2008,2009,2010,1980,1990,2000,2005,2006,2007,2008,2009,2010,1980,1990,2000,2005,2006,2007,2008,2009,2010,1980,1990,2000,2005,2006,2007,2008,2009,2010,1980,1990,2000,2005,2006,2007,2008,2009,2010,1980,1990,2000,2005,2006,2007,2008,2009,2010,1980,1990,2000,2005,2006,2007,2008,2009,2010,1980,1990,2000,2005,2006,2007,2008,2009,2010
Country,(% of GNI),(% of GNI),(% of GNI),(% of GNI),(% of GNI),(% of GNI),(% of GNI),(% of GNI),(% of GNI),"(births per 1,000 women aged 15-19)","(births per 1,000 women aged 15-19)","(births per 1,000 women aged 15-19)","(births per 1,000 women aged 15-19)","(births per 1,000 women aged 15-19)","(births per 1,000 women aged 15-19)","(births per 1,000 women aged 15-19)","(births per 1,000 women aged 15-19)","(births per 1,000 women aged 15-19)",(% aged 15 and above),(% aged 15 and above),(% aged 15 and above),(% aged 15 and above),(% aged 15 and above),(% aged 15 and above),(% aged 15 and above),(% aged 15 and above),(% aged 15 and above),(tonnes),(tonnes),(tonnes),(tonnes),(tonnes),(tonnes),(tonnes),(tonnes),(tonnes),(%),(%),(%),(%),(%),(%),(%),(%),(%),(%),(%),(%),(%),(%),(%),(%),(%),(%),,,,,,,,,,,,,,,,,,,,,,,,,,,
Afghanistan,..,..,..,..,..,..,..,..,..,..,..,..,..,..,..,121.3,..,..,18.2,18.2,28,28,28,28,28,28,28,..,0.2,0,0,0,..,..,..,..,21,..,13.8,50.1,50.1,50.1,50.1,50.1,50.1,1.9,..,..,..,..,..,..,..,..,..,..,..,2.1,2.1,1.8,..,..,..,..,..,..,..,..,..,0.797,..,..,..,..,..,..,..,..,0.797,..,..
Albania,..,5.7,14.4,8.1,8.4,9.3,8.5,..,..,..,..,..,..,..,..,14.2,..,..,..,..,98.7,99,99,99,99.1,99.1,99.1,..,2.3,1,1.4,1.4,..,..,..,..,71.6,68.8,65,67.8,67.8,67.8,67.8,67.8,67.8,4.9,5.9,..,..,..,..,..,..,..,..,..,..,2.6,2.5,2.9,..,..,..,..,..,..,..,..,..,0.473,..,..,..,..,..,..,..,..,0.545,..,..
Algeria,..,12.7,16,15.5,19.1,25.6,21.4,..,..,..,..,..,..,..,..,7.3,..,..,..,49.6,69.9,73.7,74.6,75.4,76.2,76.9,77.6,..,3.1,3.8,4.2,4,..,..,..,..,52.4,63.3,68.1,74,73.6,73.6,73.6,73.6,73.6,..,..,..,..,..,..,4.3,..,..,..,..,..,2.7,3.5,3.6,..,..,..,..,..,..,..,..,..,0.571,..,..,..,..,..,..,..,..,0.594,..,..
Andorra,..,..,..,..,..,..,..,..,..,..,..,..,..,..,..,..,..,..,..,..,..,..,..,..,..,..,..,..,..,..,..,..,..,..,..,..,..,..,65.3,62.6,65.1,65.1,65.1,65.1,65.1,..,..,..,1.7,2.3,2.6,3.2,..,..,..,..,..,5,5.2,5.3,..,..,..,..,..,..,..,..,..,..,..,..,..,..,..,..,..,..,..,..,..
Angola,..,-28,-32.8,-31.7,-17.9,-23.9,-42.6,..,..,..,..,..,..,..,..,123.7,..,..,..,..,67.4,67.4,67.4,67.4,67.4,67.4,67.4,..,0.4,0.7,0.6,0.6,..,..,..,..,..,29.4,..,65.3,65.3,65.3,65.3,65.3,65.3,..,3.9,2.6,2.6,2.6,..,..,..,..,..,..,..,1.6,2.3,2,..,..,..,..,..,..,..,..,..,..,..,..,..,..,..,..,..,..,..,..,..
Antigua and Barbuda,..,..,..,..,..,..,..,..,..,..,..,..,..,..,..,..,..,..,..,..,99,99,99,99,99,99,99,..,4.9,4.5,4.9,5.1,..,..,..,..,..,..,..,..,..,..,..,..,..,2.9,..,..,..,..,..,..,..,..,..,..,..,3.2,3.6,3.2,..,..,..,..,..,..,..,..,..,..,..,..,..,..,..,..,..,..,..,..,..
Argentina,..,0.8,0.6,5.9,9.3,10.4,7.7,..,..,..,..,..,..,..,..,56.9,..,..,93.9,96.1,97.2,97.5,97.6,97.6,97.7,97.8,97.8,..,3.5,3.8,4.1,4.4,..,..,..,..,69.1,79.5,..,88.6,88.6,88.6,88.6,88.6,88.6,2.6,3.3,4.6,..,4.5,4.9,..,..,..,..,..,..,4.7,4.7,5.1,..,..,..,..,..,..,..,..,..,0.528,..,..,..,..,..,..,..,..,0.534,..,..
Armenia,..,..,-11.3,16,21.2,20.2,18.1,..,..,..,..,..,..,..,..,35.7,..,..,..,98.8,99.4,99.4,99.5,99.5,99.5,99.5,99.6,..,1.1,1.1,1.4,1.5,..,..,..,..,62.9,74.1,75.5,70.9,72.8,74.6,74.6,74.6,74.6,..,7,2.8,2.7,2.7,3,..,..,..,..,..,..,1.8,1.9,2.1,..,..,..,..,..,..,..,..,..,0.509,..,..,..,..,..,..,..,..,0.57,..,..
Australia,..,10.6,14.3,11.3,12.2,15.2,15,..,..,..,..,..,..,..,..,14.9,..,..,..,..,..,..,..,..,..,..,..,..,17.4,17.2,18,18.1,..,..,..,..,72.2,77.8,115.2,113.4,114.2,114.2,114.2,114.2,114.2,5.1,4.5,5,4.8,4.8,4.7,..,..,..,..,..,..,5.8,5.9,6,..,..,..,..,..,..,..,..,..,0.296,..,..,..,..,..,..,..,..,0.296,..,..
Austria,..,14.1,11.7,13.4,14,15,17.6,..,..,..,..,..,..,..,..,12.8,..,..,..,..,..,..,..,..,..,..,..,..,7.9,7.6,8.8,8.6,..,..,..,..,72.2,77.5,90.9,90,90.5,90.5,90.5,90.5,90.5,5.3,5.2,5.7,5.4,5.4,5.4,..,..,..,..,..,..,7.9,7.8,7.7,..,..,..,..,..,..,..,..,..,0.3,..,..,..,..,..,..,..,..,0.3,..,..
Azerbaijan,..,..,-39.4,-8.2,-5.4,-2.1,-0.1,..,..,..,..,..,..,..,..,33.8,..,..,..,..,98.8,99.5,99.5,99.5,99.5,99.5,99.5,..,5.9,3.8,4.2,4.2,..,..,..,..,74,72.1,..,66.2,66.2,66.2,66.2,66.2,66.2,..,7.7,3.9,2.3,2,1.7,1.9,..,..,..,..,..,0.9,0.9,1,..,..,..,..,..,..,..,..,..,0.504,..,..,..,..,..,..,..,..,0.553,..,..
Bahamas,..,20.6,22.9,..,..,..,..,..,..,..,..,..,..,..,..,53,..,..,..,..,..,..,..,..,..,..,..,..,7.6,5.9,6.5,6.5,..,..,..,..,72.5,74,67.5,72.4,71.8,71.8,71.8,71.8,71.8,4.5,4,3.6,..,..,..,..,..,..,..,..,..,3.2,3.4,3.7,..,..,..,..,..,..,..,..,..,..,..,..,..,..,..,..,..,..,..,..,..
Bahrain,..,-24.9,-8.1,9.8,13.3,18.1,15.6,..,..,..,..,..,..,..,..,16.7,..,..,69.8,84,86.5,87.9,88.3,88.8,89.2,89.6,90,..,24.1,30.4,27.2,28.8,..,..,..,..,61.2,82.2,82.2,87.2,90.4,90.4,90.4,90.4,90.4,..,..,..,..,3.4,3,2.9,..,..,..,..,..,2.6,2.5,2.6,..,..,..,..,..,..,..,..,..,0.477,..,..,..,..,..,..,..,..,0.512,..,..
Bangladesh,..,7.2,16.2,20.1,23.1,24.1,23.7,..,..,..,..,..,..,..,..,71.6,..,..,29.2,35.3,47.5,51.5,52.5,53.5,54.5,55.5,56.5,..,0.1,0.2,0.3,0.3,..,..,..,..,29.9,34.7,54,52.1,52.1,52.1,52.1,52.1,52.1,0.9,1.6,2.4,..,2.5,2.6,2.4,..,..,..,..,..,1.1,1.2,1.1,..,..,..,..,..,..,..,..,..,0.712,..,..,..,..,..,..,..,..,0.734,..,..
Barbados,..,..,..,..,..,..,..,..,..,..,..,..,..,..,..,42.7,..,..,..,..,..,..,..,..,..,..,..,..,4,4.1,4.5,4.6,..,..,..,..,66.4,71.4,83.7,83.9,83.9,92.9,92.9,92.9,92.9,6.3,6.8,5.6,6.9,..,6.9,6.7,..,..,..,..,..,4.5,4.6,4.4,..,..,..,..,..,..,..,..,..,0.541,..,..,..,..,..,..,..,..,0.448,..,..
Belarus,..,17.7,13.6,22.4,21,19.3,19.8,..,..,..,..,..,..,..,..,21.3,..,..,..,97.9,99.6,99.7,99.7,99.7,99.7,99.7,99.8,..,9.6,5.9,6.6,7.1,..,..,..,..,77.9,80.2,87.5,88.9,89.5,90.4,90.4,90.4,90.4,..,4.8,6.2,5.9,6.1,5.2,..,..,..,..,..,..,5,4.8,4.9,..,..,..,..,..,..,..,..,..,..,..,..,..,..,..,..,..,..,..,..,..
Belgium,..,13.9,12.6,13.6,15,15.8,..,..,..,..,..,..,..,..,..,7.7,..,..,..,..,..,..,..,..,..,..,..,..,10.8,11.5,10.5,10.3,..,..,..,..,74.5,81,108.1,94.1,94.3,94.3,94.3,94.3,94.3,5.7,4.8,..,6,6,6.1,..,..,..,..,..,..,7.4,7.2,7,..,..,..,..,..,..,..,..,..,0.236,..,..,..,..,..,..,..,..,0.236,..,..
Belize,..,33.5,6.6,-1.7,8.3,7.2,8.8,..,..,..,..,..,..,..,..,78.7,..,..,..,70.3,70.3,75.1,75.1,75.1,75.1,75.1,75.1,..,1.7,2.8,3,2.9,..,..,..,..,65.8,67.7,70.6,80.4,78.3,78.3,78.3,78.3,78.3,2.4,4.6,5,..,..,5.1,..,..,..,..,..,..,2.1,2.2,2.6,..,..,..,..,..,..,..,..,..,0.632,..,..,..,..,..,..,..,..,0.6,..,..
Benin,..,-2.6,2.6,4.5,3.8,2.5,..,..,..,..,..,..,..,..,..,111.8,..,..,16.5,27.2,34.7,38.9,39.7,40.5,41.4,42.2,43,..,0.1,0.2,0.3,0.4,..,..,..,..,32,27,39.7,51.1,52.4,52.4,52.4,52.4,52.4,..,..,3.1,..,3.9,3.6,..,..,..,..,..,..,2.4,2.4,2.5,..,..,..,..,..,..,..,..,..,0.731,..,..,..,..,..,..,..,..,0.759,..,..
Bhutan,..,..,26.3,32.7,35.1,35.3,50.4,..,..,..,..,..,..,..,..,38.3,..,..,..,..,..,52.8,52.8,52.8,52.8,52.8,52.8,..,0.2,0.7,0.6,0.6,..,..,..,..,..,..,50.6,54.1,54.1,54.1,54.1,54.1,54.1,..,3.3,5.8,7.3,..,..,5.1,..,..,..,..,..,2.6,2.6,3.3,..,..,..,..,..,..,..,..,..,..,..,..,..,..,..,..,..,..,..,..,..
Bolivia (Plurinational State of),..,-4,-1.1,8,7.2,-2.2,-4.7,..,..,..,..,..,..,..,..,78.2,..,..,63.2,80,86.7,90.7,90.7,90.7,90.7,90.7,90.7,..,0.8,1,1,1.2,..,..,..,..,58.2,63.1,83.7,86,86,86,86,86,86,4.6,2.3,5.5,..,6.3,..,..,..,..,..,..,..,3.8,3.5,3.4,..,..,..,..,..,..,..,..,..,0.649,..,..,..,..,..,..,..,..,0.672,..,..
Bosnia and Herzegovina,..,..,..,..,..,..,..,..,..,..,..,..,..,..,..,15.9,..,..,..,..,96.7,96.7,96.7,96.7,96.7,96.7,96.7,..,1.2,6,6.5,7,..,..,..,..,..,..,..,69,69,69,69,69,69,..,..,..,..,..,..,..,..,..,..,..,..,5.1,5.2,5.6,..,..,..,..,..,..,..,..,..,..,..,..,..,..,..,..,..,..,..,..,..
Botswana,..,36.7,48.8,49.3,47.9,30.1,37.2,..,..,..,..,..,..,..,..,52.1,..,..,39.9,68.6,68.6,81.4,82.1,82.9,83.5,84.2,84.8,..,1.6,2.5,2.5,2.6,..,..,..,..,49.6,66.7,70.8,70.6,70.6,70.6,70.6,70.6,70.6,5.5,5.8,..,9.7,..,8.1,..,..,..,..,..,..,5.7,4.5,4.3,..,..,..,..,..,..,..,..,..,0.627,..,..,..,..,..,..,..,..,0.663,..,..
Brazil,..,10.7,4.1,7.6,7.6,7.4,5.2,..,..,..,..,..,..,..,..,75.6,..,..,74.6,74.6,86.4,89.6,89.6,90,90,90,90,..,1.4,1.9,1.9,1.9,..,..,..,..,60.8,66.8,90.2,87.2,87.2,87.2,87.2,87.2,87.2,3.5,4.4,4,4.5,5,5.2,..,..,..,..,..,..,3.3,3.5,3.5,..,..,..,..,..,..,..,..,..,0.596,..,..,..,..,..,..,..,..,0.631,..,..
Brunei Darussalam,..,..,..,-6.4,-1,..,..,..,..,..,..,..,..,..,..,25,..,..,77.8,87.8,92.7,94.2,94.6,94.9,95.1,95.4,95.7,..,25,19.6,15.8,15.5,..,..,..,..,60.7,68.2,74.8,77.7,78.5,77.7,77.7,77.7,77.7,1.2,3.9,3.7,..,..,..,..,..,..,..,..,..,2.1,1.9,1.9,..,..,..,..,..,..,..,..,..,..,..,..,..,..,..,..,..,..,..,..,..
Bulgaria,..,4.7,0.5,2.5,-0.5,1.7,2.9,..,..,..,..,..,..,..,..,42.2,..,..,..,..,98.2,98.3,98.3,98.3,98.3,98.3,98.2,..,8.7,5.4,6.1,6.3,..,..,..,..,70,72.6,79,81.9,82.4,82.4,82.4,82.4,82.4,..,5.2,..,4.5,4.2,4.1,..,..,..,..,..,..,4.7,4.1,4.2,..,..,..,..,..,..,..,..,..,0.412,..,..,..,..,..,..,..,..,0.399,..,..
Burkina Faso,..,8.9,-1,3.3,1.4,..,..,..,..,..,..,..,..,..,..,130.9,..,..,8.7,13.6,12.8,23.6,28.7,28.7,28.7,28.7,28.7,..,0.1,0.1,0.1,0.1,..,..,..,..,8.5,16.1,21.6,28.4,30.2,32.8,32.8,32.8,32.8,2,2.4,..,4.5,4.5,4.6,..,..,..,..,..,..,4,3.6,3.4,..,..,..,..,..,..,..,..,..,..,..,..,..,..,..,..,..,..,..,..,..
Burundi,..,3,-7.6,-7.5,-7.1,..,..,..,..,..,..,..,..,..,..,18.6,..,..,22.5,37.4,59.3,59.3,59.3,59.3,59.3,59.3,59.3,..,0.1,0,0,0,..,..,..,..,11.3,30.9,29.8,37.1,45.1,49,49,49,49,3.4,3.4,3.2,5.1,..,..,7.2,..,..,..,..,..,4,5.1,5.2,..,..,..,..,..,..,..,..,..,0.626,..,..,..,..,..,..,..,..,0.627,..,..
Cambodia,..,..,6.4,7.9,11.3,9.1,..,..,..,..,..,..,..,..,..,39.2,..,..,..,..,67.3,75,75.6,76.3,77,77.7,78.3,..,0,0.2,0.3,0.3,..,..,..,..,49.3,46.6,50.2,59.2,58.7,58.5,58.5,58.5,58.5,..,..,1.7,..,..,1.6,..,..,..,..,..,..,1.5,1.5,1.7,..,..,..,..,..,..,..,..,..,0.641,..,..,..,..,..,..,..,..,0.672,..,..
Cameroon,..,3.2,2.9,5.1,6.3,7.2,..,..,..,..,..,..,..,..,..,127.5,..,..,41.2,41.2,67.9,67.9,67.9,67.9,67.9,67.9,67.9,..,0.1,0.2,0.2,0.2,..,..,..,..,47.7,49.1,45.2,52.3,50.8,52.3,52.3,52.3,52.3,2.6,3.3,1.9,3.1,3.3,3.3,2.9,..,..,..,..,..,1.2,1.2,1.3,..,..,..,..,..,..,..,..,..,0.744,..,..,..,..,..,..,..,..,0.763,..,..
Canada,..,9.9,12.9,10.3,11.5,8.8,7.6,..,..,..,..,..,..,..,..,12.8,..,..,..,..,..,..,..,..,..,..,..,..,16.2,17.5,17.3,16.7,..,..,..,..,80.7,99.6,94.9,99.3,99.3,99.3,99.3,99.3,99.3,6.8,6.2,5.6,4.9,..,4.9,..,..,..,..,..,..,7,7,7.1,..,..,..,..,..,..,..,..,..,0.303,..,..,..,..,..,..,..,..,0.289,..,..
Cape Verde,..,..,..,..,..,..,..,..,..,..,..,..,..,..,..,94.9,..,..,..,62.8,77.1,82.1,83,83.8,84.5,85.3,85.9,..,0.2,0.4,0.6,0.6,..,..,..,..,49,55.5,71.4,66.4,70,68.1,68.1,68.1,68.1,..,3.6,..,..,6,5.7,5.7,..,..,..,..,..,3.5,3.8,3.4,..,..,..,..,..,..,..,..,..,..,..,..,..,..,..,..,..,..,..,..,..
Central African Republic,..,-0.8,1.1,-3.3,0.6,-1.6,-4.6,..,..,..,..,..,..,..,..,106.6,..,..,18.2,33.6,48.6,48.6,48.6,48.6,48.6,48.6,48.6,..,0.1,0.1,0.1,0.1,..,..,..,..,33.2,30.2,33.4,28.7,28.6,28.6,28.6,28.6,28.6,3.8,2.2,..,..,1.4,1.3,..,..,..,..,..,..,1.9,1.5,1.4,..,..,..,..,..,..,..,..,..,0.763,..,..,..,..,..,..,..,..,0.768,..,..
Chad,..,-5.3,0.6,-37.1,-30.1,-43.4,-49.9,..,..,..,..,..,..,..,..,164.4,..,..,..,..,25.7,31.8,31.8,31.8,31.8,31.8,31.8,..,0,0,0,0,..,..,..,..,16,26.2,30.9,36.5,36.5,36.5,36.5,36.5,36.5,..,1.6,..,1.9,..,..,..,..,..,..,..,..,1.9,2.6,2.7,..,..,..,..,..,..,..,..,..,..,..,..,..,..,..,..,..,..,..,..,..
Chile,..,2.8,5.4,6.6,3.5,4,-0.4,..,..,..,..,..,..,..,..,59.6,..,..,91.1,94.3,95.7,96.3,96.4,96.5,96.7,96.8,96.9,..,2.7,3.9,3.6,3.7,..,..,..,..,68.1,71.3,77.7,82.9,82.5,82.5,82.5,82.5,82.5,4.5,2.4,3.9,3.4,3.2,3.4,..,..,..,..,..,..,3.5,3.4,3.7,..,..,..,..,..,..,..,..,..,0.537,..,..,..,..,..,..,..,..,0.505,..,..
China,..,20,23.7,36.3,38.5,38.1,35.1,..,..,..,..,..,..,..,..,9.7,..,..,65.5,77.8,90.9,92.6,93,93.3,93.6,93.9,94.2,..,2.1,2.7,4.3,4.6,..,..,..,..,58.3,53.6,67,68.5,68.7,68.7,68.7,68.7,68.7,2.5,2.3,..,..,..,..,..,..,..,..,..,..,1.8,1.9,1.9,..,..,..,..,..,..,..,..,..,0.393,..,..,..,..,..,..,..,..,0.405,..,..
Colombia,..,6.7,-1,4,5.4,3.9,1.5,..,..,..,..,..,..,..,..,74.3,..,..,80.8,80.8,91.2,92.8,92.3,92.7,92.7,92.7,92.7,..,1.6,1.4,1.3,1.4,..,..,..,..,54.7,57.3,70.7,76.1,77.8,79,79,79,79,1.9,2.4,3.7,4,3.9,4.1,3.9,..,..,..,..,..,5.3,5.2,5.1,..,..,..,..,..,..,..,..,..,0.636,..,..,..,..,..,..,..,..,0.658,..,..
Comoros,..,9.3,4.9,2,1.1,5,7,..,..,..,..,..,..,..,..,45.7,..,..,47.9,58.7,68.8,73.3,74.2,75.1,75.9,76.7,77.5,..,0.1,0.1,0.1,0.1,..,..,..,..,44.8,37.7,41.4,46.4,46.4,46.4,46.4,46.4,46.4,..,..,..,..,..,..,7.6,..,..,..,..,..,1.7,1.8,1.9,..,..,..,..,..,..,..,..,..,..,..,..,..,..,..,..,..,..,..,..,..
Congo,..,-36.3,-40.8,-59.2,-82.9,-58.2,-57.1,..,..,..,..,..,..,..,..,112.8,..,..,..,59.6,59.6,80.9,81,81.1,81.1,81.1,81.1,..,0.5,0.3,0.4,0.4,..,..,..,..,..,66.5,46.4,58.6,58.6,58.6,58.6,58.6,58.6,6.4,5,2.5,1.8,..,..,..,..,..,..,..,..,1.4,1.5,1.7,..,..,..,..,..,..,..,..,..,0.734,..,..,..,..,..,..,..,..,0.744,..,..
Congo (Democratic Republic of the),..,-13.5,-12.5,-3.5,-7.3,0.7,-2.5,..,..,..,..,..,..,..,..,201.4,..,..,..,..,67.2,67.2,67.2,67.2,67.2,67.2,67.2,..,0.1,0,0,0,..,..,..,..,48.2,38.5,26.8,33.4,33.4,48.2,48.2,48.2,48.2,..,..,..,..,..,..,..,..,..,..,..,..,1.2,1.2,1.2,..,..,..,..,..,..,..,..,..,0.802,..,..,..,..,..,..,..,..,0.814,..,..
Costa Rica,..,10,11.5,14.1,16.5,16.8,9.1,..,..,..,..,..,..,..,..,67,..,..,88.4,92.6,94.9,95.7,95.8,95.9,96.1,96.2,96.3,..,1,1.4,1.7,1.8,..,..,..,..,61.1,64.7,66.1,73,73,73,73,73,73,7.4,3.4,4.4,..,4.7,4.7,5,..,..,..,..,..,5,5.3,5.9,..,..,..,..,..,..,..,..,..,0.526,..,..,..,..,..,..,..,..,0.501,..,..
Croatia,..,..,3.9,11.3,11.7,11.8,11.3,..,..,..,..,..,..,..,..,14.1,..,..,..,96.7,98.1,98.6,98.6,98.7,98.8,98.8,98.9,..,3.7,4.5,5.2,5.2,..,..,..,..,71,65.3,70,76.7,77.2,77.2,77.2,77.2,77.2,..,7.2,..,..,..,..,..,..,..,..,..,..,6.1,6.2,6.6,..,..,..,..,..,..,..,..,..,0.37,..,..,..,..,..,..,..,..,0.345,..,..
Cuba,..,..,..,..,..,..,..,..,..,..,..,..,..,..,..,45.2,..,..,97.8,97.8,99.8,99.8,99.8,99.8,99.8,99.8,99.8,..,3.1,2.3,2.2,2.6,..,..,..,..,75,69.3,76.2,87.5,94.8,100.8,100.8,100.8,100.8,..,8.9,7.2,9.8,9.1,11.9,13.6,..,..,..,..,..,8.7,7.1,9.9,..,..,..,..,..,..,..,..,..,0.484,..,..,..,..,..,..,..,..,0.473,..,..
Cyprus,..,20.8,12.8,13.3,6.3,2.8,-2.8,..,..,..,..,..,..,..,..,6.1,..,..,..,94.4,99.1,97.4,97.6,97.7,97.9,98,98.2,..,6.8,8.7,9,9.2,..,..,..,..,66.3,62.4,73.3,77.6,77.6,77.6,77.6,77.6,77.6,3.6,3.5,5.3,6.3,7,7.1,..,..,..,..,..,..,2.7,2.8,3,..,..,..,..,..,..,..,..,..,0.284,..,..,..,..,..,..,..,..,0.284,..,..
Czech Republic,..,..,6.5,9.3,10.4,10.9,13.4,..,..,..,..,..,..,..,..,10.6,..,..,..,..,..,..,..,..,..,..,..,..,12.7,11.5,11.3,11.3,..,..,..,..,..,71.7,74.1,82.7,83.4,83.4,83.4,83.4,83.4,..,4.4,4,4.3,4.6,..,..,..,..,..,..,..,6.3,6.1,5.8,..,..,..,..,..,..,..,..,..,0.33,..,..,..,..,..,..,..,..,0.33,..,..
CÃ™te d'Ivoire,..,-11.2,5.4,1.3,1.7,-0.6,1.7,..,..,..,..,..,..,..,..,129.9,..,..,..,34.1,48.7,48.7,48.7,48.7,48.7,48.7,48.7,..,0.5,0.4,0.4,0.4,..,..,..,..,38.9,37.7,37,37.5,37.5,37.5,37.5,37.5,37.5,6.9,6.8,4.6,..,..,..,4.6,..,..,..,..,..,0.9,0.9,1,..,..,..,..,..,..,..,..,..,0.744,..,..,..,..,..,..,..,..,0.765,..,..
Denmark,..,12.4,13.2,13.6,13.5,11.8,13.8,..,..,..,..,..,..,..,..,6,..,..,..,..,..,..,..,..,..,..,..,..,9.8,8.8,8.6,9.9,..,..,..,..,79.6,81.4,96,102.8,101.3,101.3,101.3,101.3,101.3,6.4,6.7,8.3,8.3,7.9,..,..,..,..,..,..,..,7.9,8.1,8.2,..,..,..,..,..,..,..,..,..,0.209,..,..,..,..,..,..,..,..,0.209,..,..
Djibouti,..,..,-2.5,20.4,23.9,28.2,..,..,..,..,..,..,..,..,..,23,..,..,..,..,..,..,..,..,..,..,..,..,0.7,0.6,0.6,0.6,..,..,..,..,19.5,17.5,18,24.8,25.5,25.5,25.5,25.5,25.5,..,3.3,9.7,8.4,8.4,8.7,..,..,..,..,..,..,4.9,4.8,5.5,..,..,..,..,..,..,..,..,..,..,..,..,..,..,..,..,..,..,..,..,..
Dominica,..,..,..,..,..,..,..,..,..,..,..,..,..,..,..,..,..,..,..,..,..,88,88,88,88,88,88,..,0.9,1.5,1.7,1.7,..,..,..,..,..,..,74.8,80.5,78.5,78.5,78.5,78.5,78.5,..,5.3,..,..,..,4.1,4.8,..,..,..,..,..,3.7,3.7,3.9,..,..,..,..,..,..,..,..,..,..,..,..,..,..,..,..,..,..,..,..,..
Dominican Republic,..,9.3,8.3,3.9,5,1.1,-0.3,..,..,..,..,..,..,..,..,108.7,..,..,73.1,73.1,87,88.5,88.8,89.1,89.5,89.8,90.1,..,1.3,2.3,2.1,2.1,..,..,..,..,64,62.5,71.4,73.5,73.5,73.5,73.5,73.5,73.5,2.1,1.3,1.9,..,..,2.2,..,..,..,..,..,..,1.7,2.1,1.9,..,..,..,..,..,..,..,..,..,0.625,..,..,..,..,..,..,..,..,0.646,..,..
Ecuador,..,-23.1,2.4,0.1,-0.2,0.4,0.4,..,..,..,..,..,..,..,..,82.8,..,..,83.6,88.3,91,91,91,91,91,91,91,..,1.6,1.7,2.3,2.4,..,..,..,..,75.1,70.2,..,..,..,..,..,..,..,..,2.9,1.3,..,..,..,..,..,..,..,..,..,2.1,2.3,2.3,..,..,..,..,..,..,..,..,..,0.624,..,..,..,..,..,..,..,..,0.645,..,..
Egypt,..,11,8.5,1.5,4.5,4.1,2.1,..,..,..,..,..,..,..,..,39,..,..,37.4,44.4,55.6,66.4,66.4,66.4,66.4,66.4,66.4,..,1.4,2.1,2.4,2.2,..,..,..,..,50,65.3,80.9,76.4,76.4,76.4,76.4,76.4,76.4,4.2,5.2,..,4.8,4,3.7,3.8,..,..,..,..,..,2.3,2.6,2.4,..,..,..,..,..,..,..,..,..,0.693,..,..,..,..,..,..,..,..,0.714,..,..
El Salvador,..,4.1,4.3,3.5,..,2.1,-0.1,..,..,..,..,..,..,..,..,82.7,..,..,57.1,74.1,74.1,83.6,83.6,82,82,82,82,..,0.5,0.9,0.9,1,..,..,..,..,51.6,55.5,64.5,72.9,72.3,74,74,74,74,..,2.2,2.5,2.7,3,3,3.6,..,..,..,..,..,3.7,4.1,3.6,..,..,..,..,..,..,..,..,..,0.63,..,..,..,..,..,..,..,..,0.653,..,..
Equatorial Guinea,..,..,-7.1,-75.1,-60.3,-48.9,-38.5,..,..,..,..,..,..,..,..,122.8,..,..,..,..,87,87,87,87,87,87,87,..,0.4,0.6,9,8.8,..,..,..,..,61.7,69,62,62,62,62,62,62,62,..,1.6,0.7,..,..,..,..,..,..,..,..,..,1.1,1.5,1.7,..,..,..,..,..,..,..,..,..,..,..,..,..,..,..,..,..,..,..,..,..
Eritrea,..,..,-2.2,-0.4,3.5,..,..,..,..,..,..,..,..,..,..,66.9,..,..,..,..,52.5,61.5,62.8,64.2,65.5,66.7,67.9,..,..,0.2,0.2,0.1,..,..,..,..,..,..,29.2,34.2,33.3,33.3,33.3,33.3,33.3,..,..,3.2,..,2,..,..,..,..,..,..,..,1.7,1.6,1.5,..,..,..,..,..,..,..,..,..,..,..,..,..,..,..,..,..,..,..,..,..
Estonia,..,..,13.6,15.4,13.8,11.5,9,..,..,..,..,..,..,..,..,21.4,..,..,..,99.7,99.8,99.8,99.8,99.8,99.8,99.8,99.8,..,16.4,11.7,13.6,13.1,..,..,..,..,84.4,81.5,88.3,92.2,91.2,91.2,91.2,91.2,91.2,..,6.1,5.4,4.9,..,5,..,..,..,..,..,..,3.9,3.8,4.1,..,..,..,..,..,..,..,..,..,0.354,..,..,..,..,..,..,..,..,0.409,..,..
Ethiopia,..,2.3,1.3,2.5,0.4,13.1,8.9,..,..,..,..,..,..,..,..,104.4,..,..,..,..,27,35.9,35.9,35.9,35.9,35.9,35.9,..,0.1,0.1,0.1,0.1,..,..,..,..,19,17.2,27,41.6,45.1,49,49,49,49,2.2,2.4,3.9,..,5.5,5.5,..,..,..,..,..,..,2.5,2.3,2.2,..,..,..,..,..,..,..,..,..,..,..,..,..,..,..,..,..,..,..,..,..
Fiji,..,0.8,15.3,5.2,-9.1,-6.8,-7.1,..,..,..,..,..,..,..,..,31.5,..,..,..,..,..,..,..,..,..,..,..,..,1.1,1.1,2,1.9,..,..,..,..,65.6,78.8,72.8,73.6,71.5,71.5,71.5,71.5,71.5,5,4.7,5.9,..,..,..,..,..,..,..,..,..,3,2.6,2.8,..,..,..,..,..,..,..,..,..,..,..,..,..,..,..,..,..,..,..,..,..
Finland,..,12.3,18.4,15.2,16.1,16.7,16,..,..,..,..,..,..,..,..,11.4,..,..,..,..,..,..,..,..,..,..,..,..,10.2,10.1,10.4,12.7,..,..,..,..,77.4,89.3,104,101.4,101.4,101.4,101.4,101.4,101.4,5.1,5.4,5.9,6.3,6.1,5.9,..,..,..,..,..,..,6.2,6.2,6.1,..,..,..,..,..,..,..,..,..,0.248,..,..,..,..,..,..,..,..,0.248,..,..
France,..,13.6,13.9,10.8,11.3,11.7,9.8,..,..,..,..,..,..,..,..,6.9,..,..,..,..,..,..,..,..,..,..,..,..,7,6.2,6.5,6.2,..,..,..,..,74.6,82.9,92.2,95.5,95.4,95.4,95.4,95.4,95.4,4.9,5.2,5.7,5.6,5.6,..,..,..,..,..,..,..,8.8,8.7,8.7,..,..,..,..,..,..,..,..,..,0.26,..,..,..,..,..,..,..,..,0.26,..,..
Gabon,..,-14.9,0.1,9.9,-2.6,4.8,3.6,..,..,..,..,..,..,..,..,89.9,..,..,..,..,80,84.6,85.4,86.2,86.9,87.6,88.2,..,6.6,1,1.4,1.6,..,..,..,..,80.4,82.9,77.4,80.7,80.7,80.7,80.7,80.7,80.7,2.5,2.8,3.8,..,..,..,..,..,..,..,..,..,3.1,3.2,3,..,..,..,..,..,..,..,..,..,0.644,..,..,..,..,..,..,..,..,0.678,..,..
Gambia,..,12.5,6.3,3.5,13.5,9.4,3.9,..,..,..,..,..,..,..,..,88.1,..,..,..,..,..,..,..,..,..,..,..,..,0.2,0.2,0.2,0.2,..,..,..,..,..,..,43.4,47.6,46.8,46.8,46.8,46.8,46.8,3.6,3.8,2.7,..,..,..,..,..,..,..,..,..,3.5,3.4,2.6,..,..,..,..,..,..,..,..,..,0.72,..,..,..,..,..,..,..,..,0.742,..,..
Georgia,..,..,9.5,14.6,7.6,4.3,-0.3,..,..,..,..,..,..,..,..,44.7,..,..,..,..,100,100,100,100,100,100,100,..,2.9,1,1.1,1.2,..,..,..,..,79.5,78.3,74.6,76.5,74.6,76.7,76.7,76.7,76.7,..,..,2.2,2.5,3,2.7,2.9,..,..,..,..,..,1.7,1.8,1.5,..,..,..,..,..,..,..,..,..,0.578,..,..,..,..,..,..,..,..,0.597,..,..
Germany,..,13.1,8.7,12.4,13.9,15.7,..,..,..,..,..,..,..,..,..,7.7,..,..,..,..,..,..,..,..,..,..,..,..,12.1,10.1,9.7,9.7,..,..,..,..,74.1,75.8,..,88.1,88.1,88.1,..,..,..,..,..,4.5,4.5,4.4,..,..,..,..,..,..,..,8.2,8.1,8,..,..,..,..,..,..,..,..,..,0.24,..,..,..,..,..,..,..,..,0.24,..,..
Ghana,..,2.9,6,14.2,17.5,7.7,-6.6,..,..,..,..,..,..,..,..,64,..,..,..,..,57.9,63.4,64.2,65,65.8,66.6,67.3,..,0.3,0.3,0.3,0.4,..,..,..,..,47.6,43,46.2,50.3,52.9,56.5,56.5,56.5,56.5,3.6,3.2,..,5.4,..,..,..,..,..,..,..,..,3.1,2.6,4.3,..,..,..,..,..,..,..,..,..,0.709,..,..,..,..,..,..,..,..,0.729,..,..
Greece,..,6,2.2,3.1,3.5,-1.5,-4.8,..,..,..,..,..,..,..,..,8.9,..,..,90.5,92.6,96,96.8,97,97.1,97.2,97.3,97.4,..,7.2,8.4,8.9,8.7,..,..,..,..,70.6,77.4,81,99.7,101.6,101.6,101.6,101.6,101.6,1.9,2.4,3.3,4,..,..,..,..,..,..,..,..,5.7,5.9,5.8,..,..,..,..,..,..,..,..,..,0.317,..,..,..,..,..,..,..,..,0.317,..,..
Grenada,..,..,..,..,..,..,..,..,..,..,..,..,..,..,..,42.4,..,..,..,..,..,96,96,96,96,96,96,..,1.3,2,2.2,2.3,..,..,..,..,..,..,79.4,73.1,73.1,73.1,73.1,73.1,73.1,5.7,5.1,..,..,..,..,..,..,..,..,..,..,3.7,4,3.6,..,..,..,..,..,..,..,..,..,..,..,..,..,..,..,..,..,..,..,..,..
Guatemala,..,0.2,1.4,5.7,8.1,8.2,5.3,..,..,..,..,..,..,..,..,107.2,..,..,46,46,69.1,71.8,72.5,73.2,73.9,74.6,75.3,..,0.6,0.9,0.9,0.9,..,..,..,..,38.5,43,58.2,67,67.6,70.5,70.5,70.5,70.5,1.8,1.4,..,..,3,3,3.2,..,..,..,..,..,2.2,2,2.1,..,..,..,..,..,..,..,..,..,0.669,..,..,..,..,..,..,..,..,0.713,..,..
Guinea,..,2.1,3.2,7.4,1.3,-13.5,-11.3,..,..,..,..,..,..,..,..,152.3,..,..,..,..,..,29.5,29.5,29.5,29.5,29.5,29.5,..,0.2,0.2,0.2,0.1,..,..,..,..,22.2,18.6,31.2,46.6,49.3,49.3,49.3,49.3,49.3,..,2,1.8,1.7,..,..,1.7,..,..,..,..,..,0.7,0.8,0.6,..,..,..,..,..,..,..,..,..,..,..,..,..,..,..,..,..,..,..,..,..
Guinea-Bissau,..,7.7,-10.5,20.2,7.7,29,16.6,..,..,..,..,..,..,..,..,129.2,..,..,20,35.7,52.1,61,62.8,64.6,66.2,67.9,69.5,..,0.2,0.2,0.2,0.2,..,..,..,..,31,27.7,36.5,36.6,36.6,36.6,36.6,36.6,36.6,..,..,..,..,..,..,..,..,..,..,..,..,1.6,1.5,1.6,..,..,..,..,..,..,..,..,..,..,..,..,..,..,..,..,..,..,..,..,..
Guyana,..,..,-0.8,9.1,24,23.7,14.4,..,..,..,..,..,..,..,..,62.7,..,..,..,..,..,..,..,..,..,..,..,..,1.6,2.2,2,2,..,..,..,..,66,63.5,77.1,86.1,83.9,83.9,83.9,83.9,83.9,9.1,3.4,8.5,8.5,8.1,6.1,..,..,..,..,..,..,6,6.3,7.2,..,..,..,..,..,..,..,..,..,0.639,..,..,..,..,..,..,..,..,0.667,..,..
Haiti,..,..,..,..,..,..,..,..,..,..,..,..,..,..,..,46.4,..,..,34.7,42,53.7,59.8,61,62.1,63.2,64.3,65.3,..,0.1,0.2,0.2,0.2,..,..,..,..,35.7,39.4,..,..,..,..,..,..,..,1.4,1.5,..,..,..,..,..,..,..,..,..,..,1,1.4,1.2,..,..,..,..,..,..,..,..,..,0.705,..,..,..,..,..,..,..,..,0.739,..,..
Honduras,..,17.4,19.1,21.6,18.3,15.7,13.1,..,..,..,..,..,..,..,..,93.1,..,..,56.9,56.9,80,83.6,83.6,83.6,83.6,83.6,83.6,..,0.5,0.8,1.1,1,..,..,..,..,54.6,59.3,63.5,74.8,74.8,74.8,74.8,74.8,74.8,3,3.8,..,..,..,..,..,..,..,..,..,..,3.8,3.7,4.1,..,..,..,..,..,..,..,..,..,0.634,..,..,..,..,..,..,..,..,0.68,..,..
"Hong Kong, China (SAR)",..,..,..,..,..,..,..,..,..,..,..,..,..,..,..,5.7,..,..,..,..,..,..,..,..,..,..,..,..,4.8,6.1,5.8,5.5,..,..,..,..,58.7,69.8,..,74.4,74.4,74.4,74.4,74.4,74.4,..,..,..,4.2,3.9,3.5,3.3,..,..,..,..,..,..,..,..,..,..,..,..,..,..,..,..,..,..,..,..,..,..,..,..,..,..,..,..,..
Hungary,..,18.2,5,8.1,8,6.6,5,..,..,..,..,..,..,..,..,20.2,..,..,98.9,98.9,98.9,98.9,98.9,98.9,98.9,98.9,98.9,..,6,5.5,5.8,5.7,..,..,..,..,66.5,67.7,80.4,89.4,90.2,90.2,90.2,90.2,90.2,4.6,5.8,4.8,5.5,5.4,..,..,..,..,..,..,..,6,5.8,5.2,..,..,..,..,..,..,..,..,..,0.401,..,..,..,..,..,..,..,..,0.382,..,..
Iceland,..,8.2,6.8,5,2.1,6.1,..,..,..,..,..,..,..,..,..,15.1,..,..,..,..,..,..,..,..,..,..,..,..,8.1,7.7,7.4,7.4,..,..,..,..,71.9,80.7,89.7,95.2,96,96,96,96,96,4.4,5.3,5.8,7.6,7.6,7.5,..,..,..,..,..,..,7.7,7.5,7.7,..,..,..,..,..,..,..,..,..,0.279,..,..,..,..,..,..,..,..,0.279,..,..
India,..,11.5,14.6,21.5,23,25,24.2,..,..,..,..,..,..,..,..,68.1,..,..,40.8,48.2,61,64.5,65.2,66,66.8,67.5,68.3,..,0.8,1.1,1.3,1.3,..,..,..,..,41.4,50.1,52.2,60.7,61,61,61,61,61,2.9,3.7,4.4,3.2,3.2,..,..,..,..,..,..,..,1,1,1.1,..,..,..,..,..,..,..,..,..,0.721,..,..,..,..,..,..,..,..,0.748,..,..
Indonesia,..,16,12.1,-0.3,1.4,-0.7,-2.4,..,..,..,..,..,..,..,..,39.8,..,..,67.3,81.5,81.5,92,92,92,92,92,92,..,0.8,1.2,1.5,1.5,..,..,..,..,54.9,61.4,62.1,67.2,68.2,68.2,68.2,68.2,68.2,..,..,..,2.9,3.6,3.5,..,..,..,..,..,..,0.9,1,1.2,..,..,..,..,..,..,..,..,..,0.652,..,..,..,..,..,..,..,..,0.68,..,..
Iran (Islamic Republic of),..,-55,-28.8,1.3,-0.8,7.5,..,..,..,..,..,..,..,..,..,18.3,..,..,36.5,65.5,77,82.4,82.3,82.3,82.3,82.3,82.3,..,4,5.1,6.3,6.6,..,..,..,..,47.6,66.4,69.7,73.2,73.2,73.2,73.2,73.2,73.2,7.7,4.1,4.4,4.7,5.1,5.5,4.8,..,..,..,..,..,3.2,3.4,3,..,..,..,..,..,..,..,..,..,0.594,..,..,..,..,..,..,..,..,0.674,..,..
Iraq,..,..,..,..,..,..,..,..,..,..,..,..,..,..,..,85.5,..,..,..,..,74.1,74.1,74.1,74.1,74.1,74.1,74.1,..,2.8,3,3.2,3.2,..,..,..,..,70.2,64.8,52.7,60.5,60.5,60.5,60.5,60.5,60.5,2.7,5.1,..,..,..,..,..,..,..,..,..,..,3,2.5,1.9,..,..,..,..,..,..,..,..,..,0.693,..,..,..,..,..,..,..,..,0.751,..,..
Ireland,..,19,21.4,21.6,23,19.2,7.5,..,..,..,..,..,..,..,..,15.9,..,..,..,..,..,..,..,..,..,..,..,..,8.8,11.1,10.6,10.4,..,..,..,..,73.3,80.4,91.8,97.7,97.6,97.6,97.6,97.6,97.6,5.8,4.7,4.3,4.8,4.8,4.9,..,..,..,..,..,..,5.6,5.5,6.1,..,..,..,..,..,..,..,..,..,0.344,..,..,..,..,..,..,..,..,0.344,..,..
Israel,..,11.2,9.7,14.7,16.4,15.2,11.3,..,..,..,..,..,..,..,..,14.3,..,..,87.9,91.8,91.8,97.1,97.1,97.1,97.1,97.1,97.1,..,7.4,10.3,9.5,10.3,..,..,..,..,73,78.9,88.3,90,89.9,89.9,89.9,89.9,89.9,8.8,6.3,6.5,6.2,6.2,6.4,..,..,..,..,..,..,4.6,4.4,4.5,..,..,..,..,..,..,..,..,..,0.332,..,..,..,..,..,..,..,..,0.332,..,..
Italy,..,9.5,9.5,8,8.4,8.6,8.6,..,..,..,..,..,..,..,..,4.9,..,..,96.5,96.5,98.4,98.8,98.8,98.9,98.9,99,99,..,7.5,7.8,8,8.1,..,..,..,..,68,70.8,80.9,90.5,91.8,91.8,91.8,91.8,91.8,4.3,3,4.5,4.4,4.7,4.3,..,..,..,..,..,..,6.8,6.9,6.7,..,..,..,..,..,..,..,..,..,0.251,..,..,..,..,..,..,..,..,0.251,..,..
Jamaica,..,8.5,15.2,10.2,10.9,6.1,..,..,..,..,..,..,..,..,..,77.3,..,..,..,..,82.4,85,85.5,86,86.4,86.9,87.3,..,3.4,4,3.8,4.5,..,..,..,..,67,63.6,74.3,78.1,78.1,78.1,78.1,78.1,78.1,6.4,4.8,5,4.6,..,5.5,6.2,..,..,..,..,..,2,2.1,2.4,..,..,..,..,..,..,..,..,..,0.603,..,..,..,..,..,..,..,..,0.638,..,..
Japan,..,21.3,10.8,8.9,9.1,10.6,15.3,..,..,..,..,..,..,..,..,4.7,..,..,..,..,..,..,..,..,..,..,..,..,9.5,9.9,10.2,10.1,..,..,..,..,79.7,76.9,83.1,85.8,86.6,86.6,86.6,86.6,86.6,5.8,4.6,3.7,3.5,3.5,3.4,..,..,..,..,..,..,6.7,6.6,6.5,..,..,..,..,..,..,..,..,..,0.273,..,..,..,..,..,..,..,..,0.273,..,..
Jordan,..,17.6,15.3,10.6,14.3,4,3.6,..,..,..,..,..,..,..,..,24.5,..,..,66.8,66.8,66.8,91.1,91.1,91.1,91.1,91.1,91.1,..,3.2,3.2,3.8,3.6,..,..,..,..,59.2,77.4,77.4,79.3,78.7,78.7,78.7,78.7,78.7,6.8,8.1,..,..,..,..,..,..,..,..,..,..,5.1,4.6,5.4,..,..,..,..,..,..,..,..,..,0.614,..,..,..,..,..,..,..,..,0.616,..,..
Kazakhstan,..,..,-26.3,-15,-8.7,-8.8,2.5,..,..,..,..,..,..,..,..,30.7,..,..,..,97.5,99.5,99.6,99.6,99.6,99.6,99.7,99.7,..,15.9,8.5,11.7,12.6,..,..,..,..,..,80,79.1,91,91.8,91.4,91.4,91.4,91.4,..,3.2,3.3,2.3,2.6,2.8,..,..,..,..,..,..,2.5,2.3,2.5,..,..,..,..,..,..,..,..,..,0.503,..,..,..,..,..,..,..,..,0.575,..,..
Kenya,..,13.7,7,11.9,13.2,13.7,10.2,..,..,..,..,..,..,..,..,103.5,..,..,..,..,73.6,73.6,73.6,73.6,73.6,73.6,73.6,..,0.2,0.3,0.3,0.3,..,..,..,..,62,58,53,59.4,59.6,59.6,59.6,59.6,59.6,5.9,6.7,5.2,7.3,7,..,..,..,..,..,..,..,1.9,1.9,2,..,..,..,..,..,..,..,..,..,0.735,..,..,..,..,..,..,..,..,0.738,..,..
Kiribati,..,..,..,..,..,..,..,..,..,..,..,..,..,..,..,..,..,..,..,..,..,..,..,..,..,..,..,..,0.3,0.4,0.3,0.3,..,..,..,..,..,..,81,75.8,75.8,75.8,75.8,75.8,75.8,7,..,16.1,..,..,..,..,..,..,..,..,..,12.9,12.7,16.1,..,..,..,..,..,..,..,..,..,..,..,..,..,..,..,..,..,..,..,..,..
Korea (Democratic People's Rep. of),..,..,..,..,..,..,..,..,..,..,..,..,..,..,..,0,..,..,..,..,..,..,..,..,..,..,..,..,12.2,3.4,3.5,3.6,..,..,..,..,..,..,..,..,..,..,..,..,..,..,..,..,..,..,..,..,..,..,..,..,..,3,3,3,..,..,..,..,..,..,..,..,..,..,..,..,..,..,..,..,..,..,..,..,..
Korea (Republic of),..,27.8,21.3,22,20.7,20.8,21.1,..,..,..,..,..,..,..,..,5.5,..,..,87.6,87.6,87.6,..,..,..,..,..,..,..,5.6,9.6,9.9,9.9,..,..,..,..,70.4,78.9,91.2,97.2,98.5,98.5,98.5,98.5,98.5,3.5,3.3,..,4.1,4.2,4.2,..,..,..,..,..,..,3,3.3,3.5,..,..,..,..,..,..,..,..,..,0.329,..,..,..,..,..,..,..,..,0.31,..,..
Kuwait,..,-9.1,11.6,13.7,21.5,19.8,9.7,..,..,..,..,..,..,..,..,13.2,..,..,67.5,74.5,78.4,94.2,93.3,94.5,94.5,94.5,94.5,..,19,31.9,33.3,31.2,..,..,..,..,69.8,37.2,77.9,74.1,72.6,72.6,72.6,72.6,72.6,2.8,5.8,..,4.7,3.8,..,..,..,..,..,..,..,1.6,1.6,1.7,..,..,..,..,..,..,..,..,..,0.451,..,..,..,..,..,..,..,..,0.451,..,..
Kyrgyzstan,..,-1.5,1.3,4.2,3.9,2,10.4,..,..,..,..,..,..,..,..,32.3,..,..,..,..,98.9,99.2,99.3,99.3,99.3,99.4,99.4,..,2.5,0.9,1.1,1.1,..,..,..,..,..,77.5,76.1,77.5,77.7,77.3,77.3,77.3,77.3,..,8.4,3.5,4.9,5.5,6.6,..,..,..,..,..,..,2.4,3.2,3.5,..,..,..,..,..,..,..,..,..,0.521,..,..,..,..,..,..,..,..,0.56,..,..
Lao People's Democratic Republic,..,..,8.4,9.3,13.5,14.6,17.1,..,..,..,..,..,..,..,..,37.4,..,..,..,..,68.7,72.7,72.7,72.7,72.7,72.7,72.7,..,0.1,0.2,0.2,0.2,..,..,..,..,48.5,48.5,55.2,59.8,59.6,59.6,59.6,59.6,59.6,..,2.5,1.5,2.4,2.9,3,2.3,..,..,..,..,..,0.7,0.7,0.8,..,..,..,..,..,..,..,..,..,0.644,..,..,..,..,..,..,..,..,0.65,..,..
Latvia,..,29.2,0.6,9.3,6.7,10,14.8,..,..,..,..,..,..,..,..,15.2,..,..,..,99.5,99.7,99.8,99.8,99.8,99.8,99.8,99.8,..,5.1,2.6,3.1,3.3,..,..,..,..,75.5,73.7,84.4,91.1,90.2,90.2,90.2,90.2,90.2,3.3,3.8,5.4,..,5.1,5,..,..,..,..,..,..,3.6,4.3,3.6,..,..,..,..,..,..,..,..,..,0.369,..,..,..,..,..,..,..,..,0.316,..,..
Lebanon,..,..,-11.7,-4.5,2.6,7.2,0.1,..,..,..,..,..,..,..,..,16.2,..,..,..,..,..,89.6,89.6,89.6,89.6,89.6,89.6,..,3.1,4.1,4.4,3.8,..,..,..,..,69.4,73.7,72,76.8,76.8,78,78,78,78,..,3.2,2,2.6,2.8,2.6,2,..,..,..,..,..,3.7,4,3.9,..,..,..,..,..,..,..,..,..,..,..,..,..,..,..,..,..,..,..,..,..
Lesotho,..,40.2,15.3,15.7,25.1,31.6,19.4,..,..,..,..,..,..,..,..,73.5,..,..,..,..,82.2,82.2,82.2,82.2,82.2,82.2,82.2,..,..,..,..,..,..,..,..,..,54.3,60,60.8,61.6,61.5,61.5,61.5,61.5,61.5,8.1,6,11.4,14.2,13.8,..,12.4,..,..,..,..,..,3.3,3.9,3.6,..,..,..,..,..,..,..,..,..,0.657,..,..,..,..,..,..,..,..,0.685,..,..
Liberia,..,..,..,..,..,..,..,..,..,..,..,..,..,..,..,141.6,..,..,19.6,37.2,47.2,53.2,54.4,55.5,56.7,57.8,58.9,..,0.2,0.1,0.2,0.2,..,..,..,..,28.5,17.8,57.6,57.6,57.6,57.6,57.6,57.6,57.6,5.8,..,..,..,..,..,2.7,..,..,..,..,..,1.6,1.9,2.8,..,..,..,..,..,..,..,..,..,0.766,..,..,..,..,..,..,..,..,0.766,..,..
Libyan Arab Jamahiriya,..,..,..,..,..,..,..,..,..,..,..,..,..,..,..,3.2,..,..,38.9,71.5,82.3,85.6,86.2,86.8,87.3,87.8,88.3,..,9.2,9.3,9.3,9.2,..,..,..,..,82.9,77.5,96.1,95.8,95.8,95.8,95.8,95.8,95.8,3.4,..,..,..,..,..,..,..,..,..,..,..,1.7,1.6,1.9,..,..,..,..,..,..,..,..,..,0.476,..,..,..,..,..,..,..,..,0.504,..,..
Liechtenstein,..,..,..,..,..,..,..,..,..,..,..,..,..,..,..,..,..,..,..,..,..,..,..,..,..,..,..,..,..,..,..,..,..,..,..,..,..,..,..,86.4,86.8,86.8,86.8,86.8,86.8,..,..,..,..,..,..,..,..,..,..,..,..,..,..,..,..,..,..,..,..,..,..,..,..,..,..,..,..,..,..,..,..,..,..,..,..
Lithuania,..,..,0.2,7.9,7.2,7.6,6.6,..,..,..,..,..,..,..,..,21.9,..,..,..,98.4,99.6,99.7,99.7,99.7,99.7,99.7,99.7,..,6,3.5,4.1,4.2,..,..,..,..,82.2,74.6,86.9,92.9,92.3,92.3,92.3,92.3,92.3,..,4.6,..,4.9,4.8,4.7,..,..,..,..,..,..,4,4.3,4.5,..,..,..,..,..,..,..,..,..,0.371,..,..,..,..,..,..,..,..,0.359,..,..
Luxembourg,..,..,21.6,23.8,17.7,20.8,..,..,..,..,..,..,..,..,..,12.3,..,..,..,..,..,..,..,..,..,..,..,..,26,18.9,24.8,24.5,..,..,..,..,..,..,..,93.1,94.6,94.4,94.4,94.4,94.4,5.6,2.7,..,..,..,..,..,..,..,..,..,..,6.9,6.6,6.5,..,..,..,..,..,..,..,..,..,0.345,..,..,..,..,..,..,..,..,0.318,..,..
Madagascar,..,3.2,1.7,6.9,12,4.7,7,..,..,..,..,..,..,..,..,132.8,..,..,..,..,70.7,70.7,70.7,70.7,70.7,70.7,70.7,..,0.1,0.1,0.2,0.1,..,..,..,..,58.9,40.7,42,58.8,60,61.3,61.3,61.3,61.3,4.3,2.1,3.2,3.2,3.1,3.4,2.9,..,..,..,..,..,2.5,2.6,2.7,..,..,..,..,..,..,..,..,..,..,..,..,..,..,..,..,..,..,..,..,..
Malawi,..,10.1,4.4,0.5,-0.9,24,25.1,..,..,..,..,..,..,..,..,135.2,..,..,..,48.5,65.7,69.9,70.9,71.8,72.7,73.6,74.5,..,0.1,0.1,0.1,0.1,..,..,..,..,34.3,38.8,68.4,61.8,61.9,61.9,61.9,61.9,61.9,2.6,3.3,4.1,..,..,..,..,..,..,..,..,..,7.2,8.9,5.9,..,..,..,..,..,..,..,..,..,0.732,..,..,..,..,..,..,..,..,0.758,..,..
Malaysia,..,12.4,20.9,15.8,17.1,19.2,..,..,..,..,..,..,..,..,..,12.8,..,..,69.5,82.9,88.7,91.2,91.5,91.9,92.2,92.6,92.9,..,3.1,5.4,7.1,7.2,..,..,..,..,53.9,59.1,68,71.5,71.5,71.5,71.5,71.5,71.5,5.7,5.1,6,7.5,4.7,4.5,..,..,..,..,..,..,1.8,1.9,1.9,..,..,..,..,..,..,..,..,..,0.445,..,..,..,..,..,..,..,..,0.493,..,..
Maldives,..,..,27.8,31.3,..,..,..,..,..,..,..,..,..,..,..,13.4,..,..,82.3,96,96.3,96.9,97,97,97.1,97.2,97.3,..,0.7,1.8,2.3,2.9,..,..,..,..,52.7,70.6,78.5,73.1,71.3,71.3,71.3,71.3,71.3,..,3.8,..,7.8,8,..,8.1,..,..,..,..,..,6.8,6.8,6.4,..,..,..,..,..,..,..,..,..,0.454,..,..,..,..,..,..,..,..,0.533,..,..
Mali,..,12.1,9.2,6.6,9.9,21.3,..,..,..,..,..,..,..,..,..,162.9,..,..,9.4,9.4,19,26.2,26.2,26.2,26.2,26.2,26.2,..,0.1,0.1,0,0,..,..,..,..,14.1,15.8,32.7,42.6,44.3,46.9,46.9,46.9,46.9,3.4,..,..,4.1,..,..,3.8,..,..,..,..,..,2.7,2.8,2.9,..,..,..,..,..,..,..,..,..,0.794,..,..,..,..,..,..,..,..,0.799,..,..
Malta,..,..,..,..,..,..,..,..,..,..,..,..,..,..,..,11.5,..,..,..,88,87.9,92.4,92.4,92.4,92.4,92.4,92.4,..,6.3,5.5,6.4,6.3,..,..,..,..,64.1,74,76,81.3,81.3,81.3,81.3,81.3,81.3,3.2,4.3,..,..,..,..,..,..,..,..,..,..,6.5,6.4,5.8,..,..,..,..,..,..,..,..,..,0.395,..,..,..,..,..,..,..,..,0.395,..,..
Marshall Islands,..,..,..,..,..,..,..,..,..,..,..,..,..,..,..,..,..,..,..,..,..,..,..,..,..,..,..,..,1,1.5,1.5,1.6,..,..,..,..,..,..,73,71.1,71.1,71.1,71.1,71.1,71.1,..,..,15,..,..,..,..,..,..,..,..,..,13.2,14.1,14.3,..,..,..,..,..,..,..,..,..,..,..,..,..,..,..,..,..,..,..,..,..
Mauritania,..,4.7,-15.1,-29.1,6.6,5.3,..,..,..,..,..,..,..,..,..,90,..,..,..,..,51.2,54.6,55.2,55.8,56.4,57,57.6,..,1.4,0.5,0.6,0.5,..,..,..,..,19.4,26.7,44,49.1,50.6,50.6,50.6,50.6,50.6,4.8,4.6,..,2.3,2.9,..,4.4,..,..,..,..,..,1.8,1.6,1.6,..,..,..,..,..,..,..,..,..,0.722,..,..,..,..,..,..,..,..,0.738,..,..
Mauritius,..,17.9,18.1,10,9.3,13,8.5,..,..,..,..,..,..,..,..,39.3,..,..,..,79.9,84.3,86.6,87,87.4,87.8,88.2,88.6,..,1.4,2.3,2.7,3.1,..,..,..,..,52.4,59.5,67.1,75.3,76.9,76.9,76.9,76.9,76.9,5.8,3.5,3.9,4.4,3.9,3.6,3.6,..,..,..,..,..,2.2,1.9,2,..,..,..,..,..,..,..,..,..,..,..,..,..,..,..,..,..,..,0.466,..,..
Mexico,..,6.9,11.3,10,10.9,11,9,..,..,..,..,..,..,..,..,64.8,..,..,83,87.6,90.5,91.6,91.7,92.8,92.8,92.8,92.8,..,4.6,3.8,4.1,4.1,..,..,..,..,71.5,65.3,71.8,79,80.2,80.2,80.2,80.2,80.2,4.6,3.6,4.9,5,4.8,4.8,..,..,..,..,..,..,2.7,2.6,2.7,..,..,..,..,..,..,..,..,..,0.596,..,..,..,..,..,..,..,..,0.576,..,..
Micronesia (Federated States of),..,..,..,..,..,..,..,..,..,..,..,..,..,..,..,25.4,..,..,..,..,..,..,..,..,..,..,..,..,..,..,..,..,..,..,..,..,..,..,..,..,..,..,..,..,..,..,..,7.3,..,..,..,..,..,..,..,..,..,12.6,12.7,12.6,..,..,..,..,..,..,..,..,..,..,..,..,..,..,..,..,..,..,..,..,..
Moldova (Republic of),..,..,9,14.9,15.7,20,17.3,..,..,..,..,..,..,..,..,33.8,..,..,..,96.4,98.5,99.1,99.2,99.2,99.3,99.4,99.4,..,4.8,1.6,2.1,2,..,..,..,..,64.5,69.9,71.6,71.1,71.9,71.6,71.6,71.6,71.6,..,5.5,4.5,7.2,7.5,8.3,8.2,..,..,..,..,..,4.2,4.4,5.2,..,..,..,..,..,..,..,..,..,0.456,..,..,..,..,..,..,..,..,0.429,..,..
Monaco,..,..,..,..,..,..,..,..,..,..,..,..,..,..,..,..,..,..,..,..,..,..,..,..,..,..,..,..,..,..,..,..,..,..,..,..,..,..,..,..,..,..,..,..,..,..,..,..,..,..,..,..,..,..,..,..,..,3.5,3.3,2.9,..,..,..,..,..,..,..,..,..,..,..,..,..,..,..,..,..,..,..,..,..
Mongolia,..,-12.3,9.2,24.6,24.2,18.6,3,..,..,..,..,..,..,..,..,16.6,..,..,..,..,97.8,97.5,97.4,97.3,97.2,97.1,96.9,..,4.5,3,3.4,3.6,..,..,..,..,..,65.5,63.6,77.9,79,79.2,79.2,79.2,79.2,11.9,..,5.8,..,..,5.1,..,..,..,..,..,..,3,3.1,3.5,..,..,..,..,..,..,..,..,..,0.545,..,..,..,..,..,..,..,..,0.523,..,..
Montenegro,..,..,..,..,..,..,..,..,..,..,..,..,..,..,..,14.7,..,..,..,92.3,96.4,96.4,96.4,96.4,96.4,96.4,96.4,..,..,..,..,..,..,..,..,..,..,..,74.5,74.5,74.5,74.5,74.5,74.5,74.5,..,..,..,..,..,..,..,..,..,..,..,..,6.2,5.6,5.1,..,..,..,..,..,..,..,..,..,..,..,..,..,..,..,..,..,..,..,..,..
Morocco,..,19.8,18.8,26.7,27.3,26.7,19.8,..,..,..,..,..,..,..,..,18.9,..,..,30.3,30.3,41.6,53.8,54.7,55.6,56.5,57.3,58.2,..,0.9,1.2,1.6,1.5,..,..,..,..,40.5,41,50.5,58.8,59.6,61,61,61,61,5.9,5.3,5.8,5.9,5.5,..,5.7,..,..,..,..,..,1.4,1.7,1.7,..,..,..,..,..,..,..,..,..,0.655,..,..,..,..,..,..,..,..,0.693,..,..
Mozambique,..,2.5,2.6,-0.6,-0.3,-3.5,-4.6,..,..,..,..,..,..,..,..,149.2,..,..,27.1,27.1,40.3,43.2,43.8,44.4,45,45.6,46.2,..,0.1,0.1,0.1,0.1,..,..,..,..,31.8,27.1,37.3,52.7,54.8,54.8,54.8,54.8,54.8,2.5,3.1,..,5.2,5,..,..,..,..,..,..,..,3.9,3.5,3.5,..,..,..,..,..,..,..,..,..,0.721,..,..,..,..,..,..,..,..,0.718,..,..
Myanmar,..,..,..,..,..,..,..,..,..,..,..,..,..,..,..,18.4,..,..,..,78.6,89.9,89.9,89.9,89.9,89.9,89.9,89.9,..,0.1,0.2,0.2,0.2,..,..,..,..,42.1,47,..,56.3,56.3,56.3,56.3,56.3,56.3,1.5,1.9,0.6,..,..,..,..,..,..,..,..,..,0.2,0.3,0.2,..,..,..,..,..,..,..,..,..,..,..,..,..,..,..,..,..,..,..,..,..
Namibia,..,19.5,20.8,22.4,25.1,25,9.9,..,..,..,..,..,..,..,..,74.4,..,..,..,75.8,85,87.2,87.6,88,88.3,88.6,88.9,..,0,0.9,1.3,1.4,..,..,..,..,..,73.3,69.5,67.3,67.2,67.2,67.2,67.2,67.2,1.4,7.9,7.9,..,6,..,6.5,..,..,..,..,..,3.6,3.1,3.2,..,..,..,..,..,..,..,..,..,0.606,..,..,..,..,..,..,..,..,0.615,..,..
Nauru,..,..,..,..,..,..,..,..,..,..,..,..,..,..,..,..,..,..,..,..,..,..,..,..,..,..,..,..,14.4,13.5,14.1,14.1,..,..,..,..,..,..,49.2,60.2,55,55,55,55,55,..,..,..,..,..,..,..,..,..,..,..,..,..,..,..,..,..,..,..,..,..,..,..,..,..,..,..,..,..,..,..,..,..,..,..,..
Nepal,..,6.5,16.6,23.8,22,21.7,30.5,..,..,..,..,..,..,..,..,101.4,..,..,20.6,33,48.6,53.9,55.2,56.5,57.8,59.1,60.3,..,0,0.1,0.1,0.1,..,..,..,..,32,54.8,56,58.1,60.8,60.8,60.8,60.8,60.8,1.6,2.3,3,..,..,..,3.8,..,..,..,..,..,1.5,1.6,2,..,..,..,..,..,..,..,..,..,0.681,..,..,..,..,..,..,..,..,0.716,..,..
Netherlands,..,14.6,15.6,14.2,17.8,18.6,-1.2,..,..,..,..,..,..,..,..,3.8,..,..,..,..,..,..,..,..,..,..,..,..,11.2,10.6,10.7,10.3,..,..,..,..,76,86.3,97.7,97.2,97.5,97.5,97.5,97.5,97.5,7,5.5,5,5.5,5.5,..,..,..,..,..,..,..,5.9,7.4,7.3,..,..,..,..,..,..,..,..,..,0.174,..,..,..,..,..,..,..,..,0.174,..,..
New Zealand,..,8,8.3,8.7,7.2,..,..,..,..,..,..,..,..,..,..,22.6,..,..,..,..,..,..,..,..,..,..,..,..,6.7,8.1,7.3,7.4,..,..,..,..,77.1,80.7,97.8,107.6,107.5,107.5,107.5,107.5,107.5,4.3,7.1,..,6.5,6.2,6.2,..,..,..,..,..,..,6.7,7.2,7.1,..,..,..,..,..,..,..,..,..,0.346,..,..,..,..,..,..,..,..,0.32,..,..
Nicaragua,..,10.4,1.3,9,9.8,7.8,..,..,..,..,..,..,..,..,..,112.7,..,..,57.5,57.5,76.7,78,78,78,78,78,78,..,0.6,0.8,0.8,0.8,..,..,..,..,57.3,55.1,68.2,71.3,72.1,72.1,72.1,72.1,72.1,3.2,3.4,3.9,..,..,..,..,..,..,..,..,..,4.2,4.2,4.5,..,..,..,..,..,..,..,..,..,0.648,..,..,..,..,..,..,..,..,0.674,..,..
Niger,..,-8.5,-3.4,16.4,..,..,..,..,..,..,..,..,..,..,..,157.4,..,..,..,..,9.4,28.7,28.7,28.7,28.7,28.7,28.7,..,0.1,0.1,0.1,0.1,..,..,..,..,12.1,14.7,16.7,25.3,26.2,27.2,27.2,27.2,27.2,2.8,2.9,..,..,3.3,4.1,3.7,..,..,..,..,..,2.9,3.2,2.8,..,..,..,..,..,..,..,..,..,0.801,..,..,..,..,..,..,..,..,0.807,..,..
Nigeria,..,..,..,..,..,..,..,..,..,..,..,..,..,..,..,126.6,..,..,..,55.4,64.7,70,71,72,73,73.9,74.8,..,0.5,0.6,0.8,0.7,..,..,..,..,52.1,48.3,48.5,52.5,53,53,53,53,53,3.6,0.9,..,..,..,..,..,..,..,..,..,..,1.9,1.8,1.7,..,..,..,..,..,..,..,..,..,..,..,..,..,..,..,..,..,..,..,..,..
Norway,..,5.6,12.8,14.6,16.8,18,16.2,..,..,..,..,..,..,..,..,8.6,..,..,..,..,..,..,..,..,..,..,..,..,7.4,8.6,13.1,8.6,..,..,..,..,76.4,81.9,97.7,98.4,98.6,98.6,98.6,98.6,98.6,6.3,7,6.6,7,6.5,6.7,..,..,..,..,..,..,7.6,7.2,7.5,..,..,..,..,..,..,..,..,..,0.234,..,..,..,..,..,..,..,..,0.234,..,..
Occupied Palestinian Territories,..,..,..,..,..,..,..,..,..,..,..,..,..,..,..,78.7,..,..,..,..,86.1,93.4,93.4,93.8,93.8,93.8,93.8,..,..,0.3,0.7,0.8,..,..,..,..,..,..,77.5,80,80.6,78.3,78.3,78.3,78.3,..,..,..,..,..,..,..,..,..,..,..,..,..,..,..,..,..,..,..,..,..,..,..,..,..,..,..,..,..,..,..,..,..,..,..,..
Oman,..,-18.2,-11.9,-11.7,-7,-8.5,..,..,..,..,..,..,..,..,..,10.4,..,..,..,..,..,83,83.7,84.4,85,85.7,86.3,..,5.6,9.2,12.6,16.3,..,..,..,..,25.9,54,68.4,67.2,68.7,68.2,68.2,68.2,68.2,1.9,2.8,3.1,3.5,4,..,..,..,..,..,..,..,2.1,1.9,1.9,..,..,..,..,..,..,..,..,..,..,..,..,..,..,..,..,..,..,..,..,..
Pakistan,..,9.8,9.5,12.4,12.3,12.2,6.1,..,..,..,..,..,..,..,..,45.7,..,..,25.7,25.7,42.7,49.9,54.2,54.2,54.2,54.2,54.2,..,0.6,0.7,0.8,0.9,..,..,..,..,20,30.9,..,39.8,39.3,39.3,39.3,39.3,39.3,2.1,2.6,1.8,2.3,2.6,2.8,2.9,..,..,..,..,..,0.7,0.8,0.8,..,..,..,..,..,..,..,..,..,0.712,..,..,..,..,..,..,..,..,0.721,..,..
Palau,..,..,..,..,..,..,..,..,..,..,..,..,..,..,..,..,..,..,91.9,91.9,91.9,91.9,91.9,91.9,91.9,91.9,91.9,..,15.7,6.1,5.8,5.8,..,..,..,..,..,..,86.6,96.9,96.9,96.9,96.9,96.9,96.9,..,..,9.8,..,..,..,..,..,..,..,..,..,8.4,8.5,8.5,..,..,..,..,..,..,..,..,..,..,..,..,..,..,..,..,..,..,..,..,..
Panama,..,21.5,20.5,17.2,18.4,21.2,18.9,..,..,..,..,..,..,..,..,82.6,..,..,88.1,88.8,91.9,93.1,93.2,93.4,93.6,93.7,93.9,..,1.3,2,1.9,2,..,..,..,..,69.5,66.6,76.4,79.5,79.7,79.7,79.7,79.7,79.7,4.4,4.7,5,..,..,..,3.8,..,..,..,..,..,5.2,4.7,4.3,..,..,..,..,..,..,..,..,..,0.601,..,..,..,..,..,..,..,..,0.634,..,..
Papua New Guinea,..,-10.9,13.3,5.2,-1.2,-15,3.1,..,..,..,..,..,..,..,..,55,..,..,32.1,32.1,57.3,56.9,57.3,57.8,58.2,58.6,59.1,..,0.5,0.5,0.8,0.7,..,..,..,..,29.8,32.8,..,40.7,40.7,40.7,40.7,40.7,40.7,6.5,..,..,..,..,..,..,..,..,..,..,..,3.7,2.7,2.6,..,..,..,..,..,..,..,..,..,0.762,..,..,..,..,..,..,..,..,0.784,..,..
Paraguay,..,8.4,3.9,12.3,18.1,13.2,9,..,..,..,..,..,..,..,..,72.3,..,..,78.5,90.3,90.3,94.6,94.6,94.6,94.6,94.6,94.6,..,0.5,0.7,0.6,0.7,..,..,..,..,53.7,56,72.3,72.1,72.1,72.1,72.1,72.1,72.1,1.5,1.1,5.3,..,..,4,..,..,..,..,..,..,3.2,2.9,2.4,..,..,..,..,..,..,..,..,..,0.619,..,..,..,..,..,..,..,..,0.643,..,..
Peru,..,3,7.4,8.6,7,6.8,7,..,..,..,..,..,..,..,..,54.7,..,..,81.9,81.9,87.2,87.9,88.7,89.6,89.6,89.6,89.6,..,1,1.2,1.4,1.4,..,..,..,..,70.9,77.7,88.1,87.5,88.1,88.1,88.1,88.1,88.1,2.9,2.8,..,2.7,2.5,2.5,2.7,..,..,..,..,..,2.7,2.5,2.5,..,..,..,..,..,..,..,..,..,0.562,..,..,..,..,..,..,..,..,0.614,..,..
Philippines,..,12,28.1,17.8,20.4,20.4,22.3,..,..,..,..,..,..,..,..,45,..,..,83.3,93.6,92.6,93.2,93.3,93.4,93.5,93.6,93.7,..,0.7,1,0.9,0.8,..,..,..,..,73,75,78.8,80.6,79.6,79.6,79.6,79.6,79.6,1.7,2.9,3.5,2.5,2.6,2.6,..,..,..,..,..,..,1.3,1.3,1.3,..,..,..,..,..,..,..,..,..,0.571,..,..,..,..,..,..,..,..,0.623,..,..
Poland,..,22.2,7.9,8.4,8.9,11.2,9.2,..,..,..,..,..,..,..,..,13.9,..,..,98.7,98.9,99.2,99.3,99.3,99.3,99.3,99.3,99.3,..,9.1,7.8,7.9,8.3,..,..,..,..,66.9,75.5,86.3,87.6,87.7,87.7,87.7,87.7,87.7,..,5.2,5,5.5,5.7,4.9,..,..,..,..,..,..,4.3,4.3,4.6,..,..,..,..,..,..,..,..,..,0.325,..,..,..,..,..,..,..,..,0.325,..,..
Portugal,..,15,6.2,1.8,0.6,1.4,4.1,..,..,..,..,..,..,..,..,16.5,..,..,79.4,87.9,92.4,94.2,94.6,94.9,95.2,95.5,95.8,..,4.4,6.2,6.2,5.7,..,..,..,..,58.9,70.2,91.6,89,88.8,88.8,88.8,88.8,88.8,3.4,3.8,5.4,5.4,5.3,..,..,..,..,..,..,..,7.3,7.1,7.1,..,..,..,..,..,..,..,..,..,0.303,..,..,..,..,..,..,..,..,0.31,..,..
Qatar,..,..,..,..,..,..,..,..,..,..,..,..,..,..,..,15.9,..,..,..,75.6,83.3,93.1,93.1,93.1,93.1,93.1,93.1,..,25.2,56.3,58.7,56.2,..,..,..,..,64.7,75.9,75.4,76.7,77.6,80.4,80.4,80.4,80.4,2.5,3.9,..,3.3,..,..,..,..,..,..,..,..,3.1,3.1,2.9,..,..,..,..,..,..,..,..,..,0.662,..,..,..,..,..,..,..,..,0.671,..,..
Romania,..,5.5,2.5,4.7,6.6,10.1,13.7,..,..,..,..,..,..,..,..,31.2,..,..,..,96.7,97.3,97.5,97.6,97.6,97.6,97.7,97.7,..,6.8,4,4.2,4.6,..,..,..,..,77.5,66.4,68.3,77,79.2,79.2,79.2,79.2,79.2,..,2.8,2.9,3.5,..,4.4,..,..,..,..,..,..,3.8,3.5,3.8,..,..,..,..,..,..,..,..,..,0.486,..,..,..,..,..,..,..,..,0.478,..,..
Russian Federation,..,5.8,-1.2,1.7,-0.4,2.3,1.6,..,..,..,..,..,..,..,..,25.1,..,..,..,98,99.4,99.5,99.5,99.5,99.5,99.6,99.6,..,13.9,9.8,10.5,10.9,..,..,..,..,77.7,83.7,..,81.7,81.9,81.9,81.9,81.9,81.9,..,3.5,2.9,3.8,3.9,..,..,..,..,..,..,..,3.2,3.4,3.5,..,..,..,..,..,..,..,..,..,0.465,..,..,..,..,..,..,..,..,0.442,..,..
Rwanda,..,5.6,5.1,13.4,4.5,8.6,20.1,..,..,..,..,..,..,..,..,36.7,..,..,38.2,57.9,64.9,64.9,64.9,64.9,64.9,64.9,64.9,..,0.1,0.1,0.1,0.1,..,..,..,..,33.8,38.4,46,52.2,52.2,52.2,52.2,52.2,52.2,2.7,3.7,2.9,3.4,..,4.8,4.1,..,..,..,..,..,4.5,4.7,4.9,..,..,..,..,..,..,..,..,..,0.605,..,..,..,..,..,..,..,..,0.638,..,..
Saint Kitts and Nevis,..,..,..,..,..,..,..,..,..,..,..,..,..,..,..,..,..,..,..,..,..,97.8,97.8,97.8,97.8,97.8,97.8,..,1.6,2.2,2.8,2.7,..,..,..,..,..,..,84.2,73.1,73.1,73.1,73.1,73.1,73.1,5.1,2.6,6.4,9.9,..,..,..,..,..,..,..,..,3.4,3.6,3.4,..,..,..,..,..,..,..,..,..,..,..,..,..,..,..,..,..,..,..,..,..
Saint Lucia,..,..,..,..,..,..,..,..,..,..,..,..,..,..,..,61.6,..,..,..,..,..,94.8,94.8,94.8,94.8,94.8,94.8,..,1.2,2.2,2.3,2.3,..,..,..,..,..,78.7,74.3,77.6,79.3,77.2,77.2,77.2,77.2,7.1,..,7.8,5.5,6.5,..,6.3,..,..,..,..,..,3.1,3.5,3.4,..,..,..,..,..,..,..,..,..,..,..,..,..,..,..,..,..,..,..,..,..
Saint Vincent and the Grenadines,..,12.5,15,4.2,5.7,4.2,7.6,..,..,..,..,..,..,..,..,58.9,..,..,..,..,..,88.1,88.1,88.1,88.1,88.1,88.1,..,0.7,1.4,1.6,1.7,..,..,..,..,..,..,65.2,68.9,68.9,68.9,68.9,68.9,68.9,4.7,5.9,9.4,8,..,7,..,..,..,..,..,..,3.7,3.9,3.3,..,..,..,..,..,..,..,..,..,..,..,..,..,..,..,..,..,..,..,..,..
Samoa,..,..,..,..,..,..,..,..,..,..,..,..,..,..,..,27.6,..,..,97.8,97.9,98.4,98.6,98.7,98.7,98.7,98.8,98.8,..,0.8,0.8,0.9,0.9,..,..,..,..,..,63,71.6,74.1,74.1,74.1,74.1,74.1,74.1,..,5.7,4,..,..,..,5.4,..,..,..,..,..,3.8,4,4.2,..,..,..,..,..,..,..,..,..,..,..,..,..,..,..,..,..,..,..,..,..
San Marino,..,..,..,..,..,..,..,..,..,..,..,..,..,..,..,..,..,..,..,..,..,..,..,..,..,..,..,..,..,..,..,..,..,..,..,..,..,..,..,..,..,..,..,..,..,..,..,..,..,..,..,..,..,..,..,..,..,6.4,6.1,6.1,..,..,..,..,..,..,..,..,..,..,..,..,..,..,..,..,..,..,..,..,..
Sao Tome and Principe,..,..,..,..,..,..,..,..,..,..,..,..,..,..,..,66.1,..,..,57.3,73.2,84.9,87,87.5,87.9,88.4,88.8,89.2,..,0.6,0.6,0.7,0.7,..,..,..,..,..,..,62.7,65.9,66.6,68.1,68.1,68.1,68.1,..,..,..,..,..,..,..,..,..,..,..,..,5.8,6.7,5.3,..,..,..,..,..,..,..,..,..,..,..,..,..,..,..,..,..,..,..,..,..
Saudi Arabia,..,-16.7,-2,5.3,3,1.5,-1.8,..,..,..,..,..,..,..,..,26.1,..,..,..,70.8,79.4,83.6,84.3,85,85.6,86.2,86.7,..,13.2,14.3,15.5,15.8,..,..,..,..,37.4,48.1,..,78.5,78.5,78.5,78.5,78.5,78.5,4.3,6.6,5.9,5.7,6.2,6.4,5.7,..,..,..,..,..,2.6,2.8,2.7,..,..,..,..,..,..,..,..,..,0.77,..,..,..,..,..,..,..,..,0.76,..,..
Senegal,..,..,..,..,11.4,11.7,12.2,..,..,..,..,..,..,..,..,104.4,..,..,..,26.9,39.3,41.9,41.9,41.9,41.9,41.9,41.9,..,0.4,0.4,0.5,0.4,..,..,..,..,23.5,29.1,33.5,40.6,41.2,41.2,41.2,41.2,41.2,..,3.9,3.2,5.1,4.8,..,5.1,..,..,..,..,..,3,3.3,3.2,..,..,..,..,..,..,..,..,..,0.689,..,..,..,..,..,..,..,..,0.727,..,..
Serbia,..,..,..,..,..,..,..,..,..,..,..,..,..,..,..,22.1,..,..,..,92.3,96.4,96.4,96.4,96.4,96.4,96.4,96.4,..,..,..,..,..,..,..,..,..,..,..,74.5,74.5,74.5,74.5,74.5,74.5,74.5,..,..,..,..,..,4.5,..,..,..,..,..,..,6,5.9,6.1,..,..,..,..,..,..,..,..,..,..,..,..,..,..,..,..,..,..,..,..,..
Seychelles,..,..,..,..,..,..,..,..,..,..,..,..,..,..,..,..,..,..,57.8,84.2,91.8,91.8,91.8,91.8,91.8,91.8,91.8,..,1.6,7,8.1,8.6,..,..,..,..,..,..,87,82.2,82.2,82.2,82.2,82.2,82.2,5.6,7.8,..,..,5,..,..,..,..,..,..,..,3.9,3.8,3.6,..,..,..,..,..,..,..,..,..,..,..,..,..,..,..,..,..,..,..,..,..
Sierra Leone,..,-15.7,-11.3,4.2,3.3,5,-1,..,..,..,..,..,..,..,..,126,..,..,..,..,..,36,37.1,38.1,39.2,40.3,41.4,..,0.1,0.1,0.2,0.2,..,..,..,..,28.2,29.2,44.6,44.6,44.6,44.6,44.6,44.6,44.6,3.3,1.1,4.9,3.8,..,..,..,..,..,..,..,..,1.9,1.5,1.4,..,..,..,..,..,..,..,..,..,0.755,..,..,..,..,..,..,..,..,0.756,..,..
Singapore,..,30.4,33.4,32.8,35,34.6,34.7,..,..,..,..,..,..,..,..,4.5,..,..,82.9,89.1,92.5,93.9,94.2,94.4,94.7,94.9,95.2,..,15.6,13,13.8,12.8,..,..,..,..,56.9,61.8,..,..,85,85,..,..,..,2.7,3,..,..,..,..,2.8,..,..,..,..,..,1.1,1.1,1,..,..,..,..,..,..,..,..,..,0.229,..,..,..,..,..,..,..,..,0.255,..,..
Slovakia,..,..,-83.4,-85,-85.2,-83.7,-81.1,..,..,..,..,..,..,..,..,20.7,..,..,..,..,..,..,..,..,..,..,..,..,8.4,6.6,7,7,..,..,..,..,..,..,72.5,79.2,80.5,80.5,80.5,80.5,80.5,..,5.1,3.9,3.8,3.8,3.6,..,..,..,..,..,..,5.2,5,5.2,..,..,..,..,..,..,..,..,..,0.352,..,..,..,..,..,..,..,..,0.352,..,..
Slovenia,..,..,16.5,17.8,18.6,19.5,18.1,..,..,..,..,..,..,..,..,4.9,..,..,..,99.5,99.6,99.7,99.7,99.7,99.7,99.7,99.7,..,6.4,7.3,7.5,7.6,..,..,..,..,53.4,72.7,85.5,91.4,92.8,92.8,92.8,92.8,92.8,..,4.8,..,5.7,5.7,5.2,..,..,..,..,..,..,6.1,6,5.6,..,..,..,..,..,..,..,..,..,0.336,..,..,..,..,..,..,..,..,0.293,..,..
Solomon Islands,..,..,3.4,31,46.1,68.9,54.7,..,..,..,..,..,..,..,..,41.8,..,..,..,..,..,76.6,76.6,76.6,76.6,76.6,76.6,..,0.5,0.4,0.4,0.4,..,..,..,..,..,..,40.2,49.7,49.7,49.7,49.7,49.7,49.7,5.2,3.8,..,..,..,..,..,..,..,..,..,..,4.2,4.3,4.3,..,..,..,..,..,..,..,..,..,..,..,..,..,..,..,..,..,..,..,..,..
Somalia,..,..,..,..,..,..,..,..,..,..,..,..,..,..,..,70.1,..,..,..,..,..,..,..,..,..,..,..,..,0,0.1,0,0,..,..,..,..,13.9,7.9,..,..,..,..,..,..,..,1,..,..,..,..,..,..,..,..,..,..,..,..,..,..,..,..,..,..,..,..,..,..,..,..,..,..,..,..,..,..,..,..,..,..,..
South Africa,..,4.8,4.8,2.8,2.2,1.2,-3.5,..,..,..,..,..,..,..,..,59.2,..,..,76.2,76.2,84.8,87.1,87.6,88,88.4,88.8,89.3,..,9.1,8.1,8.5,8.6,..,..,..,..,55.3,72.6,76.4,76.8,76.8,76.8,76.8,76.8,76.8,..,5.1,5.6,5.4,5.4,5.3,5.1,..,..,..,..,..,3.5,3.6,3.6,..,..,..,..,..,..,..,..,..,0.637,..,..,..,..,..,..,..,..,0.635,..,..
Spain,..,12.9,12.2,10.8,10.3,9.6,10.1,..,..,..,..,..,..,..,..,12.1,..,..,92.8,96.5,96.5,97.9,97.9,97.9,97.9,97.9,97.9,..,5.9,7.4,8.2,8,..,..,..,..,76,83.9,92.4,95.8,96.5,96.5,96.5,96.5,96.5,2.1,4.1,4.3,4.2,4.3,4.4,..,..,..,..,..,..,5.8,6,6.1,..,..,..,..,..,..,..,..,..,0.28,..,..,..,..,..,..,..,..,0.28,..,..
Sri Lanka,..,15.5,18.3,20.7,19.1,19.7,10.4,..,..,..,..,..,..,..,..,29.8,..,..,86.8,86.8,90.7,90.8,90.8,90.8,90.8,90.8,90.8,..,0.2,0.5,0.6,0.6,..,..,..,..,57.4,66,70.8,70.5,68.7,68.7,68.7,68.7,68.7,2.7,2.7,..,..,..,..,..,..,..,..,..,..,1.9,2,2,..,..,..,..,..,..,..,..,..,0.576,..,..,..,..,..,..,..,..,0.599,..,..
Sudan,..,-6.2,-10.3,-8.8,-12,-13.1,-13.1,..,..,..,..,..,..,..,..,56.8,..,..,..,..,60.9,60.9,60.9,60.9,60.9,60.9,60.9,..,0.2,0.2,0.3,0.3,..,..,..,..,26.8,28.4,30.4,35.7,39.9,39.9,39.9,39.9,39.9,41.8,8.5,..,..,..,..,..,..,..,..,..,..,1.4,1.5,1.3,..,..,..,..,..,..,..,..,..,0.73,..,..,..,..,..,..,..,..,0.708,..,..
Suriname,..,-0.5,-20,0,..,..,..,..,..,..,..,..,..,..,..,39.5,..,..,..,..,..,89.9,90.1,90.4,90.6,90.9,91.1,..,4.5,4.9,5.3,5.4,..,..,..,..,61.7,57.6,72.6,73,74.3,74.3,74.3,74.3,74.3,6.6,..,..,..,..,..,..,..,..,..,..,..,3.5,3.9,3.6,..,..,..,..,..,..,..,..,..,..,..,..,..,..,..,..,..,..,..,..,..
Swaziland,..,10.6,7.4,17.8,13.3,15.5,7.1,..,..,..,..,..,..,..,..,83.9,..,..,55.3,67.2,79.6,79.6,79.6,79.6,79.6,79.6,79.6,..,0.5,1.1,0.9,0.9,..,..,..,..,61.9,58.6,60.3,60.1,60.1,60.1,60.1,60.1,60.1,4.4,5.5,5.6,7.9,8.3,..,7.9,..,..,..,..,..,5.1,4.3,3.8,..,..,..,..,..,..,..,..,..,0.672,..,..,..,..,..,..,..,..,0.668,..,..
Sweden,..,16.4,17.8,18.2,20.4,21.9,20.5,..,..,..,..,..,..,..,..,7.7,..,..,..,..,..,..,..,..,..,..,..,..,6,5.6,5.7,5.6,..,..,..,..,74.6,74.1,112.3,95.6,94.3,94.3,94.3,94.3,94.3,8.5,6.7,7.2,7,6.9,6.7,..,..,..,..,..,..,7.5,7.4,7.4,..,..,..,..,..,..,..,..,..,0.212,..,..,..,..,..,..,..,..,0.212,..,..
Switzerland,..,18.7,20,19.8,21.8,..,..,..,..,..,..,..,..,..,..,5.5,..,..,..,..,..,..,..,..,..,..,..,..,6.3,5.4,5.6,5.6,..,..,..,..,70.1,71.3,82.8,83,82.7,82.7,82.7,82.7,82.7,4.8,4.9,5.2,5.7,5.5,5.3,..,..,..,..,..,..,6.7,6.4,6.4,..,..,..,..,..,..,..,..,..,0.228,..,..,..,..,..,..,..,..,0.228,..,..
Syrian Arab Republic,..,-12.6,-11.6,-12.4,-9.8,-7.1,-15.2,..,..,..,..,..,..,..,..,61.1,..,..,55.7,55.7,82.9,81.9,82.5,83.1,83.7,84.2,84.7,..,2.9,3.8,3.5,3.5,..,..,..,..,62.3,64.6,56.8,64.9,65.7,65.7,65.7,65.7,65.7,4.6,4,..,..,5.3,4.9,..,..,..,..,..,..,2.1,1.9,1.6,..,..,..,..,..,..,..,..,..,0.635,..,..,..,..,..,..,..,..,0.687,..,..
Tajikistan,..,11.2,-5.5,-2.1,-3.9,9,18.8,..,..,..,..,..,..,..,..,28.4,..,..,..,97.7,99.5,99.6,99.6,99.6,99.7,99.7,99.7,..,3.9,0.7,0.9,1,..,..,..,..,73.5,77.5,67.5,70.8,70.9,70.9,70.9,70.9,70.9,..,9.1,2.3,3.5,3.4,3.4,3.5,..,..,..,..,..,1.1,1.1,1.1,..,..,..,..,..,..,..,..,..,0.506,..,..,..,..,..,..,..,..,0.568,..,..
Tanzania (United Republic of),..,10,12.6,5.9,5.1,..,..,..,..,..,..,..,..,..,..,130.4,..,..,..,59.1,69.4,71.6,72,72.3,72.6,73,73.2,..,0.1,0.1,0.1,0.1,..,..,..,..,45.5,34.3,33.5,51.9,54.3,57.3,57.3,57.3,57.3,..,2.2,..,..,..,..,6.8,..,..,..,..,..,1.9,3.8,3.5,..,..,..,..,..,..,..,..,..,..,..,..,..,..,..,..,..,..,..,..,..
Thailand,..,25.6,16.4,17.3,19.5,22.3,18,..,..,..,..,..,..,..,..,37.3,..,..,88,88,92.6,93.7,93.9,94.1,94.4,94.5,94.7,..,1.8,3.3,4.3,4.3,..,..,..,..,53,49.7,71.3,78.3,78,78,78,78,78,2.6,2.7,5.4,4.4,4.5,4,4.9,..,..,..,..,..,2.3,2.5,2.7,..,..,..,..,..,..,..,..,..,0.536,..,..,..,..,..,..,..,..,0.586,..,..
The former Yugoslav Republic of Macedonia,..,..,15.1,14,15.9,14.4,9,..,..,..,..,..,..,..,..,21.7,..,..,..,..,96.1,96.7,96.8,97,97.1,97.3,97.4,..,5.6,6,5.5,5.3,..,..,..,..,..,65.8,69.5,70.1,70.1,70.1,70.1,70.1,70.1,..,5.1,..,..,..,..,..,..,..,..,..,..,5.5,5.3,4.7,..,..,..,..,..,..,..,..,..,..,..,..,..,..,..,..,..,..,..,..,..
Timor-Leste,..,..,..,..,..,..,..,..,..,..,..,..,..,..,..,53.8,..,..,..,..,..,50.1,50.1,50.1,50.1,50.1,50.1,..,..,..,0.2,0.2,..,..,..,..,..,..,71.8,63.2,63.2,63.2,63.2,63.2,63.2,..,..,..,..,..,..,7.1,..,..,..,..,..,12.4,14.1,11.5,..,..,..,..,..,..,..,..,..,..,..,..,..,..,..,..,..,..,..,..,..
Togo,..,14.7,-8.9,1.7,..,..,..,..,..,..,..,..,..,..,..,64.8,..,..,15.9,15.9,53.2,53.2,53.2,53.2,53.2,53.2,53.2,..,0.2,0.2,0.2,0.2,..,..,..,..,60.8,46.7,..,53.9,53.9,53.9,53.9,53.9,53.9,5.4,5.5,4.4,3.4,3.6,3.7,..,..,..,..,..,..,1.4,1.7,1.5,..,..,..,..,..,..,..,..,..,0.715,..,..,..,..,..,..,..,..,0.731,..,..
Tonga,..,..,..,..,..,..,..,..,..,..,..,..,..,..,..,22.8,..,..,99.6,99.6,99.1,99.2,99.2,99.2,99.2,99.3,99.3,..,0.8,1.2,1.3,1.3,..,..,..,..,..,..,78.3,78.1,78,78,78,78,78,3.3,..,5.9,..,..,..,..,..,..,..,..,..,3.6,3.8,3.1,..,..,..,..,..,..,..,..,..,..,..,..,..,..,..,..,..,..,..,..,..
Trinidad and Tobago,..,-7.7,-3.9,1.8,-12.5,-10.1,-19.2,..,..,..,..,..,..,..,..,34.6,..,..,95,96.9,98.1,98.5,98.6,98.7,98.8,98.8,98.9,..,13.9,18.8,23.4,25.3,..,..,..,..,61.4,68.3,65,61.1,61.1,61.1,61.1,61.1,61.1,3.8,3.7,3.8,..,..,..,..,..,..,..,..,..,2.4,2.3,2.7,..,..,..,..,..,..,..,..,..,0.486,..,..,..,..,..,..,..,..,0.473,..,..
Tunisia,..,14.3,16.9,13.8,14.9,13.3,7,..,..,..,..,..,..,..,..,6.9,..,..,..,48.2,48.2,76,76.9,77.7,78.5,79.2,80,..,1.6,2.1,2.3,2.3,..,..,..,..,49.7,61.6,73.3,76.1,76.2,76.2,76.2,76.2,76.2,5.2,6,6.8,7.2,7.1,7.2,..,..,..,..,..,..,3.2,3.2,3,..,..,..,..,..,..,..,..,..,0.481,..,..,..,..,..,..,..,..,0.515,..,..
Turkey,..,15.8,14.6,7.1,7.5,6.5,8.3,..,..,..,..,..,..,..,..,38.8,..,..,65.7,79.2,79.2,88.2,88.1,88.7,88.7,88.7,88.7,..,2.6,3.3,3.4,3.6,..,..,..,..,48.1,55,67.9,68.6,71.1,71.1,71.1,71.1,71.1,2.3,2.2,2.6,..,2.9,..,..,..,..,..,..,..,4.1,3.5,3.4,..,..,..,..,..,..,..,..,..,0.585,..,..,..,..,..,..,..,..,0.621,..,..
Turkmenistan,..,..,..,..,..,..,..,..,..,..,..,..,..,..,..,19.5,..,..,..,..,99.1,99.4,99.5,99.5,99.5,99.6,99.6,..,7.2,7.9,8.6,9,..,..,..,..,..,..,..,..,74.1,73.9,..,..,..,..,4.3,..,..,..,..,..,..,..,..,..,..,2,1.5,1.4,..,..,..,..,..,..,..,..,..,..,..,..,..,..,..,..,..,..,..,..,..
Tuvalu,..,..,..,..,..,..,..,..,..,..,..,..,..,..,..,..,..,..,..,..,..,..,..,..,..,..,..,..,..,..,..,..,..,..,..,..,..,..,69.2,69.2,69.2,69.2,69.2,69.2,69.2,..,..,..,..,..,..,..,..,..,..,..,..,..,..,..,..,..,..,..,..,..,..,..,..,..,..,..,..,..,..,..,..,..,..,..,..
Uganda,..,-6.1,1.9,13.1,9.1,7.7,3.3,..,..,..,..,..,..,..,..,150,..,..,..,56.1,68.1,71.6,72.6,73.6,74.6,75.5,76.4,..,0,0.1,0.1,0.1,..,..,..,..,25.1,37.1,65.9,62.5,62.3,62.3,62.3,62.3,62.3,1.3,1.4,2.5,..,..,..,3.8,..,..,..,..,..,1.9,1.8,1.6,..,..,..,..,..,..,..,..,..,0.704,..,..,..,..,..,..,..,..,0.715,..,..
Ukraine,..,18.8,-2.5,10,11.5,11.8,8.5,..,..,..,..,..,..,..,..,28.3,..,..,..,..,99.4,99.7,99.7,99.7,99.7,99.7,99.7,..,11.9,6.2,7,6.9,..,..,..,..,77.7,77.9,85.4,87.7,88.8,90,90,90,90,5.6,5.1,4.2,6.1,6.2,5.3,..,..,..,..,..,..,3.8,3.9,4,..,..,..,..,..,..,..,..,..,0.488,..,..,..,..,..,..,..,..,0.463,..,..
United Arab Emirates,..,..,..,..,..,..,..,..,..,..,..,..,..,..,..,16,..,..,53.5,71.2,71.2,90,90,90,90,90,90,..,29.4,39,33.1,32.8,..,..,..,..,48.8,70.2,63.3,65.8,65.8,71.4,71.4,71.4,71.4,1.3,1.8,2,1.3,1.1,0.9,0.9,..,..,..,..,..,1.8,1.8,1.9,..,..,..,..,..,..,..,..,..,0.368,..,..,..,..,..,..,..,..,0.464,..,..
United Kingdom,..,6.8,8.1,7.9,7.4,8.6,3.9,..,..,..,..,..,..,..,..,24.1,..,..,..,..,..,..,..,..,..,..,..,..,10,9.3,9.2,9.4,..,..,..,..,71.4,74.4,90,92.8,89.2,89.2,89.2,89.2,89.2,5.3,4.7,4.6,5.5,5.6,5.6,..,..,..,..,..,..,6.7,6.9,6.9,..,..,..,..,..,..,..,..,..,0.369,..,..,..,..,..,..,..,..,0.355,..,..
United States,..,7.3,9.4,4.7,6.1,5.5,0.9,..,..,..,..,..,..,..,..,35.9,..,..,..,..,..,..,..,..,..,..,..,..,19,20.2,19.5,19,..,..,..,..,81.9,90.1,91.5,92.8,92.4,92.4,92.4,92.4,92.4,6.5,5,..,5.4,5.7,5.5,..,..,..,..,..,..,6.9,7,7.1,..,..,..,..,..,..,..,..,..,0.457,..,..,..,..,..,..,..,..,0.4,..,..
Uruguay,..,3.7,-0.2,8.1,7.1,8.9,7.2,..,..,..,..,..,..,..,..,61.1,..,..,93.9,95.4,96.8,97.8,97.8,97.9,97.9,97.9,97.9,..,1.3,1.6,1.8,2.1,..,..,..,..,65.8,77.6,84.2,90.4,90.9,90.9,90.9,90.9,90.9,2.2,2.7,2.4,2.7,2.8,..,..,..,..,..,..,..,5.8,6,5.9,..,..,..,..,..,..,..,..,..,0.527,..,..,..,..,..,..,..,..,0.508,..,..
Uzbekistan,..,..,-20,-27.3,-15.8,-7.1,-14.1,..,..,..,..,..,..,..,..,12.9,..,..,..,..,96.9,96.9,96.9,96.9,96.9,96.9,96.9,..,5.3,4.8,4.2,4.3,..,..,..,..,..,75.6,71.5,74.2,73.2,72.7,72.7,72.7,72.7,..,9.5,..,..,..,..,..,..,..,..,..,..,2.4,2.5,2.3,..,..,..,..,..,..,..,..,..,..,..,..,..,..,..,..,..,..,..,..,..
Vanuatu,..,19.5,6.8,..,15,13.9,..,..,..,..,..,..,..,..,..,47,..,..,52.9,61.6,71.6,76.4,77.3,78.1,78.9,79.7,80.4,..,0.5,0.4,0.4,0.4,..,..,..,..,..,..,60.6,62.3,62.3,62.3,62.3,62.3,62.3,..,4.7,7.8,..,..,..,6.9,..,..,..,..,..,2.5,2.3,2.7,..,..,..,..,..,..,..,..,..,..,..,..,..,..,..,..,..,..,..,..,..
Venezuela (Bolivarian Republic of),..,-6.3,8.9,7.5,8.2,7.2,6.5,..,..,..,..,..,..,..,..,89.9,..,..,84.7,89.8,93,95.2,95.2,95.2,95.2,95.2,95.2,..,6.2,5.9,5.7,6.3,..,..,..,..,62.1,69.8,67.3,75.4,79.7,85.9,85.9,85.9,85.9,4.6,3.1,..,..,3.6,3.7,..,..,..,..,..,..,2.3,2.4,2.7,..,..,..,..,..,..,..,..,..,0.572,..,..,..,..,..,..,..,..,0.561,..,..
Viet Nam,..,-20.1,15.9,17.1,18,16.9,9.7,..,..,..,..,..,..,..,..,16.6,..,..,83.8,87.6,90.3,90.3,90.3,90.3,90.3,90.3,90.3,..,0.3,0.7,1.2,1.2,..,..,..,..,54.1,48.6,63.4,62.3,62.3,62.3,62.3,62.3,62.3,..,2,..,..,..,..,5.3,..,..,..,..,..,1.5,2.1,2.8,..,..,..,..,..,..,..,..,..,0.464,..,..,..,..,..,..,..,..,0.53,..,..
Yemen,..,..,..,..,..,..,..,..,..,..,..,..,..,..,..,68.1,..,..,..,..,47.7,55.7,57.3,58.9,60.4,61.8,63.2,..,0.8,..,..,1,..,..,..,..,..,..,49.4,54.4,54.4,54.4,54.4,54.4,54.4,..,..,9.9,..,..,..,5.2,..,..,..,..,..,1.7,1.6,1.5,..,..,..,..,..,..,..,..,..,0.835,..,..,..,..,..,..,..,..,0.853,..,..
Zambia,..,2.2,-9.7,4.7,4.1,0.6,-0.7,..,..,..,..,..,..,..,..,141.8,..,..,..,65,69.1,70.1,70.4,70.6,70.9,71.2,71.4,..,0.3,0.2,0.2,0.2,..,..,..,..,50.1,56,44.7,63.3,63.3,63.3,63.3,63.3,63.3,4.1,2.4,2,2,..,1.5,1.4,..,..,..,..,..,3.9,3.9,3.6,..,..,..,..,..,..,..,..,..,0.73,..,..,..,..,..,..,..,..,0.752,..,..
Zimbabwe,..,11.8,5.3,-8.3,..,..,..,..,..,..,..,..,..,..,..,64.6,..,..,77.8,83.5,87,90.1,90.7,91.2,91.7,92.1,92.6,..,1.6,1.2,0.9,0.8,..,..,..,..,42.8,66.3,57.4,52.5,54.4,54.4,54.4,54.4,54.4,3.7,5.9,4.6,..,..,..,..,..,..,..,..,..,4.1,4.5,4.1,..,..,..,..,..,..,..,..,..,0.7,..,..,..,..,..,..,..,..,0.705,..,0.4